date,total_construction_sa,total_construction_nsa,total_private_sa,total_private_nsa,total_public_sa,total_public_nsa,residential_total_sa,residential_total_nsa,residential_private_sa,residential_private_nsa,residential_public_sa,residential_public_nsa,nonresidential_total_sa,nonresidential_total_nsa,nonresidential_private_sa,nonresidential_private_nsa,nonresidential_public_sa,nonresidential_public_nsa,manufacturing_total_sa,manufacturing_private_sa,commercial_total_sa,commercial_private_sa,commercial_public_sa,office_total_sa,office_private_sa,office_public_sa,healthcare_total_sa,healthcare_private_sa,healthcare_public_sa,educational_total_sa,educational_private_sa,educational_public_sa,power_total_sa,power_private_sa,power_public_sa,highway_total_sa,highway_public_sa,transportation_total_sa,transportation_private_sa,transportation_public_sa
2020-01-01,1491029.0,106218.0,1120493.0,82263.0,370536.0,23955.0,606865.0,42275.0,597508.0,41597.0,9357.0,678.0,884163.0,63943.0,522985.0,40666.0,361179.0,23277.0,79418.0,79066.0,91561.0,87541.0,4020.0,96335.0,84044.0,12291.0,48418.0,39257.0,9161.0,112292.0,20515.0,91777.0,127992.0,120197.0,7795.0,103138.0,102660.0,60069.0,16109.0,43960.0
2020-02-01,1498750.0,107295.0,1124725.0,82747.0,374025.0,24548.0,615730.0,42854.0,606669.0,42160.0,9061.0,694.0,883020.0,64441.0,518056.0,40587.0,364964.0,23854.0,78122.0,77821.0,93360.0,89285.0,4075.0,97485.0,85251.0,12234.0,48463.0,39123.0,9340.0,112774.0,20115.0,92659.0,122142.0,113950.0,8193.0,105248.0,104858.0,61181.0,16464.0,44717.0
2020-03-01,1502330.0,117793.0,1128852.0,91322.0,373479.0,26471.0,624159.0,50442.0,615115.0,49739.0,9044.0,703.0,878172.0,67351.0,513737.0,41583.0,364435.0,25769.0,78474.0,78141.0,92629.0,88335.0,4294.0,96662.0,84246.0,12416.0,49112.0,39545.0,9566.0,113599.0,19786.0,93813.0,121352.0,112888.0,8463.0,104961.0,104600.0,60328.0,16730.0,43599.0
2020-04-01,1459363.0,119926.0,1089037.0,91032.0,370326.0,28893.0,603115.0,50667.0,594470.0,49941.0,8645.0,726.0,856248.0,69259.0,494567.0,41091.0,361681.0,28167.0,74080.0,73739.0,91075.0,86760.0,4315.0,91079.0,79106.0,11973.0,47491.0,38209.0,9283.0,113190.0,18667.0,94523.0,118393.0,110314.0,8080.0,103630.0,103265.0,59618.0,16940.0,42678.0
2020-05-01,1449765.0,125114.0,1075689.0,92644.0,374076.0,32469.0,593736.0,51957.0,584623.0,51183.0,9113.0,774.0,856029.0,73156.0,491066.0,41461.0,364964.0,31695.0,73442.0,73057.0,89698.0,85565.0,4133.0,92847.0,80736.0,12111.0,47446.0,37984.0,9463.0,114387.0,19153.0,95234.0,117409.0,108618.0,8790.0,104132.0,103718.0,60769.0,16537.0,44232.0
2020-06-01,1460368.0,132608.0,1086286.0,96607.0,374082.0,36001.0,599249.0,54793.0,589731.0,53924.0,9518.0,869.0,861119.0,77815.0,496555.0,42683.0,364564.0,35132.0,75034.0,74655.0,90958.0,87045.0,3913.0,95597.0,82537.0,13060.0,49387.0,39871.0,9516.0,112066.0,19119.0,92947.0,115222.0,107977.0,7245.0,105987.0,105559.0,61065.0,16623.0,44442.0
2020-07-01,1474508.0,135287.0,1105401.0,98905.0,369108.0,36383.0,620266.0,57489.0,610517.0,56615.0,9749.0,873.0,854243.0,77799.0,494884.0,42289.0,359359.0,35509.0,76007.0,75687.0,88526.0,84319.0,4207.0,93769.0,80824.0,12945.0,49859.0,40356.0,9503.0,110014.0,19271.0,90743.0,114936.0,107993.0,6944.0,101547.0,101211.0,60496.0,16535.0,43962.0
2020-08-01,1489581.0,137555.0,1125508.0,101228.0,364073.0,36327.0,651042.0,60523.0,641273.0,59661.0,9769.0,862.0,838539.0,77032.0,484235.0,41567.0,354304.0,35466.0,74232.0,73881.0,85816.0,81692.0,4124.0,91529.0,78992.0,12537.0,48601.0,39125.0,9476.0,108575.0,18615.0,89960.0,114669.0,107513.0,7156.0,98327.0,97911.0,62172.0,16002.0,46170.0
2020-09-01,1512309.0,136354.0,1147062.0,101043.0,365248.0,35311.0,673737.0,60154.0,663788.0,59240.0,9949.0,914.0,838572.0,76200.0,483273.0,41803.0,355299.0,34397.0,73303.0,72843.0,86601.0,82490.0,4111.0,91940.0,79402.0,12537.0,48295.0,38491.0,9804.0,108366.0,17985.0,90381.0,115026.0,108212.0,6813.0,97031.0,96714.0,61087.0,15980.0,45107.0
2020-10-01,1538356.0,135012.0,1173765.0,101848.0,364591.0,33164.0,696270.0,60604.0,686488.0,59760.0,9782.0,844.0,842086.0,74408.0,487277.0,42088.0,354809.0,32320.0,75056.0,74698.0,88902.0,84705.0,4197.0,89830.0,78062.0,11767.0,48769.0,39028.0,9741.0,106477.0,17868.0,88609.0,117673.0,110122.0,7550.0,102945.0,102651.0,60470.0,16034.0,44436.0
2020-11-01,1552503.0,128438.0,1185813.0,98737.0,366691.0,29701.0,714207.0,59253.0,704002.0,58416.0,10205.0,838.0,838297.0,69185.0,481811.0,40322.0,356486.0,28863.0,73515.0,73195.0,89709.0,85471.0,4238.0,88856.0,76742.0,12114.0,48298.0,38700.0,9599.0,108967.0,17379.0,91588.0,116467.0,109498.0,6968.0,102136.0,101851.0,59831.0,15926.0,43905.0
2020-12-01,1577213.0,117970.0,1206758.0,91994.0,370455.0,25976.0,735727.0,53246.0,725926.0,52490.0,9801.0,757.0,841486.0,64724.0,480832.0,39504.0,360654.0,25220.0,74784.0,74405.0,88153.0,84080.0,4072.0,89146.0,77439.0,11707.0,48347.0,38600.0,9747.0,108112.0,16838.0,91273.0,117241.0,110106.0,7134.0,105783.0,105527.0,61407.0,15961.0,45446.0
2021-01-01,1599028.0,113425.0,1231320.0,89798.0,367708.0,23627.0,756380.0,52833.0,746434.0,52127.0,9946.0,706.0,842648.0,60592.0,484886.0,37671.0,357762.0,22921.0,76523.0,76211.0,89661.0,85450.0,4212.0,90348.0,78030.0,12318.0,50049.0,40437.0,9612.0,107139.0,16303.0,90836.0,117293.0,109261.0,8032.0,102236.0,101955.0,61050.0,16496.0,44554.0
2021-02-01,1575321.0,111728.0,1216517.0,88254.0,358805.0,23474.0,746026.0,51712.0,736138.0,50973.0,9887.0,739.0,829296.0,60017.0,480379.0,37281.0,348917.0,22736.0,76045.0,75778.0,88971.0,84947.0,4024.0,88151.0,76049.0,12102.0,48381.0,39002.0,9378.0,105337.0,16100.0,89237.0,118118.0,110306.0,7813.0,99769.0,99444.0,60179.0,16492.0,43688.0
2021-03-01,1610208.0,127095.0,1248132.0,101322.0,362075.0,25773.0,764767.0,61953.0,754651.0,61141.0,10115.0,812.0,845441.0,65142.0,493481.0,40181.0,351960.0,24961.0,77946.0,77634.0,94064.0,90266.0,3799.0,92053.0,79729.0,12324.0,49019.0,39649.0,9370.0,103620.0,16201.0,87420.0,119132.0,111499.0,7633.0,101887.0,101494.0,62203.0,16552.0,45651.0
2021-04-01,1614849.0,133175.0,1255772.0,105079.0,359077.0,28096.0,776307.0,65285.0,766648.0,64477.0,9659.0,808.0,838542.0,67890.0,489124.0,40602.0,349418.0,27288.0,76804.0,76468.0,94767.0,90809.0,3957.0,90090.0,77967.0,12123.0,49465.0,39838.0,9627.0,101987.0,16029.0,85958.0,118740.0,111176.0,7564.0,102551.0,102169.0,60479.0,16004.0,44476.0
2021-05-01,1627889.0,140665.0,1267689.0,109416.0,360201.0,31249.0,790176.0,69299.0,780494.0,68482.0,9681.0,817.0,837714.0,71366.0,487195.0,40933.0,350519.0,30432.0,76449.0,76135.0,94078.0,89889.0,4189.0,89670.0,78038.0,11632.0,49167.0,39382.0,9785.0,100818.0,16046.0,84772.0,118690.0,111628.0,7062.0,106554.0,106122.0,59378.0,16085.0,43293.0
2021-06-01,1639031.0,148786.0,1284337.0,114686.0,354695.0,34099.0,800589.0,73132.0,790846.0,72245.0,9743.0,887.0,838443.0,75653.0,493491.0,42441.0,344952.0,33212.0,79302.0,78832.0,95015.0,91556.0,3459.0,89853.0,77434.0,12419.0,49828.0,40065.0,9763.0,99882.0,16128.0,83754.0,122060.0,113661.0,8398.0,102538.0,102073.0,58890.0,16353.0,42537.0
2021-07-01,1661485.0,152128.0,1304964.0,117175.0,356522.0,34952.0,817080.0,75569.0,807516.0,74729.0,9564.0,839.0,844405.0,76559.0,497448.0,42446.0,346957.0,34113.0,81029.0,80495.0,96678.0,93173.0,3506.0,90354.0,77899.0,12454.0,50306.0,39946.0,10360.0,99814.0,16653.0,83161.0,122417.0,113247.0,9169.0,103097.0,102643.0,59560.0,16564.0,42996.0
2021-08-01,1664988.0,153944.0,1307517.0,118128.0,357471.0,35816.0,821571.0,76334.0,811825.0,75468.0,9746.0,866.0,843417.0,77610.0,495693.0,42661.0,347724.0,34950.0,81415.0,80949.0,98351.0,94714.0,3638.0,89464.0,77156.0,12308.0,50608.0,40285.0,10323.0,101881.0,16827.0,85054.0,120738.0,111599.0,9139.0,103065.0,102611.0,57799.0,16290.0,41509.0
2021-09-01,1673006.0,150442.0,1320827.0,116341.0,352179.0,34101.0,831778.0,74134.0,822255.0,73268.0,9523.0,866.0,841229.0,76308.0,498572.0,43073.0,342657.0,33235.0,82713.0,82271.0,99298.0,95870.0,3428.0,90096.0,77492.0,12603.0,50898.0,40617.0,10281.0,99646.0,17418.0,82229.0,119960.0,110844.0,9116.0,104689.0,104267.0,56166.0,16037.0,40129.0
2021-10-01,1689011.0,147631.0,1337787.0,115614.0,351224.0,32016.0,843194.0,72997.0,833429.0,72164.0,9765.0,833.0,845817.0,74634.0,504359.0,43450.0,341459.0,31184.0,87041.0,86637.0,101615.0,98159.0,3455.0,89140.0,76525.0,12616.0,51516.0,41071.0,10445.0,95588.0,16952.0,78636.0,119067.0,109700.0,9366.0,104186.0,103713.0,57562.0,16214.0,41349.0
2021-11-01,1731866.0,143099.0,1373560.0,113922.0,358306.0,29177.0,867312.0,71398.0,857379.0,70569.0,9933.0,830.0,864553.0,71701.0,516181.0,43353.0,348373.0,28347.0,93405.0,92955.0,106433.0,102800.0,3633.0,90251.0,77589.0,12663.0,52425.0,41382.0,11043.0,98587.0,17258.0,81329.0,119465.0,108594.0,10871.0,103894.0,103315.0,58356.0,16058.0,42298.0
2021-12-01,1763060.0,131260.0,1404387.0,106018.0,358673.0,25242.0,895699.0,64323.0,885881.0,63558.0,9818.0,765.0,867361.0,66937.0,518506.0,42460.0,348855.0,24477.0,94570.0,94123.0,109408.0,105940.0,3468.0,89512.0,76729.0,12783.0,52321.0,41538.0,10783.0,100555.0,18340.0,82214.0,114639.0,105325.0,9314.0,107239.0,106298.0,58313.0,17176.0,41137.0
2022-01-01,1808519.0,127951.0,1446116.0,104767.0,362403.0,23184.0,923595.0,64133.0,913576.0,63420.0,10019.0,713.0,884924.0,63819.0,532540.0,41347.0,352384.0,22471.0,98201.0,97832.0,114333.0,110718.0,3615.0,89837.0,77446.0,12391.0,53749.0,42611.0,11138.0,103008.0,19255.0,83753.0,116621.0,107253.0,9368.0,106048.0,105128.0,59274.0,16414.0,42860.0
2022-02-01,1844343.0,130538.0,1477119.0,106560.0,367225.0,23978.0,944418.0,65180.0,934357.0,64429.0,10061.0,751.0,899925.0,65358.0,542761.0,42131.0,357164.0,23227.0,100509.0,100131.0,118049.0,114286.0,3763.0,90961.0,78079.0,12882.0,54632.0,43452.0,11180.0,102789.0,19072.0,83716.0,118097.0,108647.0,9450.0,107609.0,106761.0,59940.0,16724.0,43216.0
2022-03-01,1876116.0,148686.0,1503935.0,122206.0,372181.0,26479.0,963823.0,78110.0,954119.0,77331.0,9704.0,779.0,912293.0,70576.0,549816.0,44876.0,362477.0,25700.0,104040.0,103650.0,118807.0,114781.0,4025.0,91886.0,78855.0,13031.0,55535.0,44175.0,11360.0,103062.0,19118.0,83944.0,118989.0,109327.0,9661.0,109508.0,108769.0,59795.0,16511.0,43284.0
2022-04-01,1911323.0,158117.0,1534555.0,128716.0,376768.0,29401.0,974556.0,82250.0,964828.0,81439.0,9729.0,811.0,936767.0,75867.0,569728.0,47277.0,367039.0,28590.0,111556.0,111055.0,123439.0,119556.0,3883.0,94161.0,81380.0,12781.0,56994.0,45595.0,11399.0,103975.0,19925.0,84050.0,120301.0,110499.0,9802.0,113820.0,113128.0,59523.0,16738.0,42785.0
2022-05-01,1925882.0,167862.0,1555209.0,135661.0,370673.0,32201.0,988269.0,88002.0,978434.0,87168.0,9835.0,834.0,937613.0,79860.0,576775.0,48493.0,360838.0,31367.0,116053.0,115477.0,126197.0,122028.0,4169.0,94039.0,80825.0,13214.0,57368.0,45633.0,11735.0,103441.0,19891.0,83550.0,119509.0,109944.0,9565.0,108074.0,107386.0,59316.0,16969.0,42347.0
2022-06-01,1917963.0,174750.0,1539717.0,138532.0,378247.0,36218.0,964347.0,89189.0,954499.0,88297.0,9848.0,891.0,953616.0,85562.0,585218.0,50235.0,368399.0,35327.0,116603.0,115949.0,130408.0,126087.0,4321.0,93819.0,81040.0,12779.0,57969.0,46194.0,11775.0,104995.0,19709.0,85286.0,122310.0,112643.0,9667.0,110462.0,109785.0,60537.0,17389.0,43148.0
2022-07-01,1924328.0,176177.0,1537131.0,138366.0,387197.0,37811.0,942248.0,87741.0,931867.0,86838.0,10381.0,903.0,982080.0,88436.0,605264.0,51528.0,376816.0,36908.0,127318.0,126630.0,135469.0,130999.0,4470.0,94616.0,81851.0,12765.0,58848.0,46873.0,11975.0,104522.0,20177.0,84345.0,123639.0,113438.0,10201.0,116300.0,115433.0,60800.0,17875.0,42926.0
2022-08-01,1917606.0,177867.0,1526431.0,138500.0,391175.0,39367.0,926427.0,86651.0,916358.0,85738.0,10069.0,913.0,991179.0,91215.0,610073.0,52762.0,381106.0,38453.0,128240.0,127670.0,136539.0,132072.0,4467.0,96722.0,83832.0,12890.0,59338.0,47240.0,12098.0,103047.0,19614.0,83433.0,123516.0,113271.0,10245.0,120653.0,119648.0,61356.0,18224.0,43132.0
2022-09-01,1919931.0,171905.0,1527054.0,133784.0,392877.0,38121.0,909346.0,80507.0,899433.0,79605.0,9913.0,902.0,1010585.0,91398.0,627621.0,54178.0,382963.0,37220.0,139346.0,138600.0,138361.0,133845.0,4516.0,98675.0,85803.0,12871.0,59094.0,47446.0,11648.0,102677.0,19998.0,82679.0,123667.0,112255.0,11412.0,122883.0,121973.0,63388.0,20082.0,43306.0
2022-10-01,1916369.0,166908.0,1522139.0,130913.0,394230.0,35995.0,898393.0,77126.0,888509.0,76286.0,9884.0,840.0,1017976.0,89782.0,633631.0,54627.0,384346.0,35155.0,141153.0,140463.0,143159.0,138457.0,4702.0,98216.0,85068.0,13148.0,60500.0,48132.0,12368.0,104103.0,21020.0,83083.0,122449.0,110470.0,11980.0,121568.0,120448.0,62783.0,19775.0,43007.0
2022-11-01,1918913.0,157933.0,1521931.0,125498.0,396982.0,32435.0,882720.0,71684.0,872331.0,70810.0,10389.0,875.0,1036194.0,86249.0,649600.0,54688.0,386594.0,31560.0,152667.0,152048.0,143638.0,138899.0,4739.0,99591.0,85853.0,13739.0,61214.0,48990.0,12224.0,106515.0,21352.0,85163.0,123889.0,111629.0,12260.0,119087.0,118001.0,61685.0,19458.0,42227.0
2022-12-01,1928393.0,144009.0,1524362.0,115720.0,404031.0,28290.0,871124.0,62196.0,860647.0,61396.0,10477.0,800.0,1057270.0,81813.0,663715.0,54324.0,393555.0,27490.0,159112.0,158487.0,146416.0,141506.0,4911.0,101367.0,87700.0,13667.0,61940.0,49426.0,12513.0,107765.0,21120.0,86645.0,126145.0,113420.0,12725.0,123302.0,122251.0,62941.0,19714.0,43226.0
2023-01-01,1957962.0,139736.0,1545897.0,113295.0,412065.0,26441.0,863557.0,60069.0,853199.0,59323.0,10358.0,746.0,1094405.0,79667.0,692699.0,53972.0,401707.0,25695.0,172895.0,172439.0,147136.0,142320.0,4816.0,102034.0,87653.0,14381.0,62641.0,49547.0,13094.0,110615.0,21683.0,88932.0,135712.0,122579.0,13132.0,124606.0,123583.0,64292.0,19285.0,45007.0
2023-02-01,1976696.0,141283.0,1555555.0,113827.0,421141.0,27456.0,859624.0,59729.0,849349.0,58961.0,10275.0,768.0,1117072.0,81554.0,706206.0,54866.0,410866.0,26688.0,179599.0,179126.0,147537.0,142806.0,4732.0,102771.0,88343.0,14429.0,65267.0,52132.0,13136.0,112480.0,21781.0,90699.0,137934.0,124402.0,13532.0,126475.0,125597.0,64156.0,19462.0,44694.0
2023-03-01,1996401.0,157866.0,1563750.0,127143.0,432650.0,30723.0,853359.0,69192.0,843212.0,68367.0,10147.0,826.0,1143042.0,88674.0,720538.0,58776.0,422504.0,29898.0,186966.0,186441.0,149202.0,144316.0,4886.0,103307.0,88738.0,14569.0,66014.0,52931.0,13083.0,116306.0,22331.0,93975.0,141893.0,127074.0,14819.0,131272.0,130406.0,63955.0,19873.0,44082.0
2023-04-01,2023621.0,166932.0,1583827.0,132715.0,439794.0,34217.0,854124.0,72373.0,843367.0,71497.0,10757.0,876.0,1169497.0,94560.0,740460.0,61219.0,429037.0,33341.0,198783.0,198355.0,153038.0,148097.0,4941.0,102561.0,87521.0,15039.0,66814.0,53945.0,12869.0,116766.0,23454.0,93312.0,143132.0,128169.0,14963.0,136233.0,135164.0,66178.0,21416.0,44761.0
2023-05-01,2054535.0,179139.0,1603691.0,139807.0,450845.0,39332.0,871099.0,78215.0,860312.0,77273.0,10787.0,942.0,1183436.0,100923.0,743379.0,62533.0,440058.0,38390.0,197375.0,196940.0,155045.0,150112.0,4933.0,103008.0,87939.0,15070.0,66112.0,53292.0,12820.0,121122.0,23298.0,97825.0,146254.0,130447.0,15806.0,138445.0,137518.0,65601.0,20840.0,44762.0
2023-06-01,2071559.0,188191.0,1615110.0,144450.0,456450.0,43741.0,878384.0,81413.0,867505.0,80432.0,10879.0,982.0,1193175.0,106778.0,747605.0,64019.0,445571.0,42759.0,200783.0,200359.0,153368.0,148739.0,4629.0,102304.0,87240.0,15063.0,65920.0,52770.0,13150.0,123612.0,24113.0,99500.0,147759.0,130852.0,16907.0,138832.0,137929.0,65149.0,20730.0,44419.0
2023-07-01,2085773.0,189724.0,1632549.0,145470.0,453224.0,44253.0,892997.0,82756.0,881772.0,81782.0,11225.0,974.0,1192776.0,106968.0,750777.0,63688.0,441999.0,43280.0,202639.0,202257.0,153361.0,149050.0,4310.0,101662.0,86380.0,15282.0,66350.0,53373.0,12977.0,123878.0,23639.0,100239.0,151403.0,133784.0,17619.0,138126.0,137096.0,64145.0,20189.0,43956.0
2023-08-01,2108277.0,194791.0,1646568.0,148397.0,461709.0,46394.0,893316.0,83284.0,882108.0,82281.0,11208.0,1003.0,1214961.0,111507.0,764460.0,66116.0,450501.0,45391.0,207094.0,206753.0,153906.0,149582.0,4324.0,103583.0,87626.0,15957.0,66764.0,53764.0,13000.0,124999.0,24440.0,100559.0,156595.0,138330.0,18265.0,140022.0,139092.0,65206.0,20248.0,44958.0
2023-09-01,2123480.0,189529.0,1652940.0,144037.0,470539.0,45492.0,897219.0,79031.0,886131.0,78029.0,11088.0,1002.0,1226261.0,110498.0,766810.0,66008.0,459451.0,44489.0,205067.0,204670.0,155371.0,150592.0,4779.0,103302.0,87696.0,15606.0,67719.0,54243.0,13475.0,127307.0,24634.0,102673.0,160994.0,142180.0,18814.0,142949.0,141866.0,65334.0,19781.0,45553.0
2023-10-01,2142735.0,187152.0,1664629.0,143341.0,478106.0,43811.0,897269.0,77052.0,885925.0,76078.0,11344.0,974.0,1245466.0,110099.0,778704.0,67263.0,466762.0,42836.0,218403.0,218055.0,150797.0,146035.0,4762.0,104151.0,88436.0,15715.0,67828.0,54536.0,13293.0,130820.0,24647.0,106173.0,162920.0,143917.0,19003.0,144732.0,143644.0,65153.0,20207.0,44946.0
2023-11-01,2167301.0,178500.0,1680601.0,138767.0,486700.0,39733.0,902002.0,73300.0,891008.0,72381.0,10994.0,919.0,1265298.0,105200.0,789593.0,66386.0,475706.0,38814.0,226215.0,225851.0,150664.0,146178.0,4486.0,104638.0,88528.0,16111.0,68880.0,55290.0,13591.0,132497.0,25874.0,106622.0,162743.0,143964.0,18779.0,152008.0,150858.0,65622.0,21012.0,44611.0
2023-12-01,2176796.0,163333.0,1684658.0,128908.0,492138.0,34424.0,904580.0,64837.0,893388.0,63991.0,11192.0,846.0,1272216.0,98495.0,791270.0,64917.0,480946.0,33578.0,229929.0,229598.0,148837.0,144096.0,4741.0,104298.0,87748.0,16550.0,69510.0,55286.0,14224.0,132521.0,26076.0,106444.0,165014.0,145067.0,19947.0,154904.0,153405.0,65791.0,20760.0,45032.0
2024-01-01,2161405.0,154760.0,1677114.0,123552.0,484291.0,31208.0,912796.0,63629.0,901541.0,62796.0,11255.0,832.0,1248609.0,91132.0,775573.0,60756.0,473036.0,30376.0,230379.0,229705.0,140977.0,136597.0,4380.0,102300.0,85220.0,17081.0,69171.0,55639.0,13531.0,131185.0,25555.0,105630.0,161325.0,141485.0,19841.0,150118.0,148922.0,65731.0,20974.0,44756.0
2024-02-01,2184616.0,157355.0,1689654.0,124925.0,494962.0,32430.0,925821.0,64769.0,914476.0,63898.0,11345.0,871.0,1258796.0,92586.0,775178.0,61027.0,483618.0,31559.0,229506.0,228912.0,144903.0,140299.0,4604.0,103818.0,86632.0,17187.0,68150.0,54637.0,13513.0,134593.0,25918.0,108675.0,159424.0,138118.0,21306.0,151914.0,150940.0,66284.0,20917.0,45367.0
2024-03-01,2174863.0,171321.0,1684400.0,136681.0,490463.0,34640.0,919502.0,74343.0,907954.0,73435.0,11548.0,908.0,1255361.0,96978.0,776447.0,63246.0,478915.0,33732.0,231628.0,230871.0,143010.0,138278.0,4732.0,103051.0,86011.0,17040.0,68870.0,55102.0,13768.0,134125.0,26271.0,107854.0,159976.0,138456.0,21520.0,146971.0,145693.0,66297.0,21556.0,44740.0
2024-04-01,2206494.0,182852.0,1709974.0,143882.0,496519.0,38970.0,947059.0,80654.0,935883.0,79721.0,11175.0,933.0,1259435.0,102198.0,774091.0,64161.0,485344.0,38037.0,237230.0,236570.0,137108.0,132262.0,4846.0,102843.0,86140.0,16703.0,68110.0,54306.0,13804.0,136380.0,25762.0,110618.0,158368.0,138527.0,19841.0,148187.0,146900.0,65164.0,19861.0,45303.0
2024-05-01,2215350.0,193296.0,1719907.0,150062.0,495443.0,43234.0,963902.0,86562.0,952669.0,85582.0,11233.0,980.0,1251447.0,106734.0,767238.0,64480.0,484209.0,42253.0,236248.0,235388.0,133474.0,128139.0,5335.0,102970.0,86306.0,16664.0,68790.0,54779.0,14011.0,137431.0,25287.0,112145.0,156499.0,137434.0,19064.0,145072.0,143718.0,64956.0,19270.0,45687.0
2024-06-01,2199846.0,199312.0,1710951.0,152883.0,488895.0,46429.0,952517.0,88256.0,941441.0,87280.0,11076.0,976.0,1247329.0,111056.0,769510.0,65602.0,477819.0,45454.0,240090.0,239316.0,132050.0,126454.0,5596.0,104074.0,87717.0,16357.0,68680.0,54447.0,14234.0,137159.0,26240.0,110919.0,154573.0,135946.0,18627.0,139430.0,138068.0,64819.0,18996.0,45822.0
2024-07-01,2200746.0,201052.0,1701667.0,152308.0,499080.0,48744.0,946982.0,88143.0,936627.0,87211.0,10355.0,932.0,1253764.0,112909.0,765040.0,65097.0,488724.0,47812.0,238899.0,237807.0,129822.0,124125.0,5697.0,105777.0,88638.0,17139.0,68114.0,53988.0,14126.0,138965.0,25902.0,113063.0,152940.0,134952.0,17988.0,142695.0,141521.0,66268.0,19867.0,46401.0
2024-08-01,2205322.0,203769.0,1701488.0,153568.0,503833.0,50201.0,943874.0,88346.0,933151.0,87396.0,10722.0,949.0,1261448.0,115423.0,768337.0,66171.0,493111.0,49252.0,240119.0,239289.0,130394.0,124509.0,5885.0,105161.0,88474.0,16687.0,68984.0,54436.0,14549.0,139715.0,26064.0,113651.0,154096.0,135564.0,18532.0,144899.0,143635.0,65291.0,19605.0,45686.0
2024-09-01,2197940.0,195498.0,1692136.0,146949.0,505804.0,48549.0,938409.0,82481.0,927509.0,81506.0,10900.0,974.0,1259531.0,113017.0,764627.0,65443.0,494904.0,47575.0,239558.0,238527.0,128817.0,122815.0,6002.0,104354.0,87012.0,17342.0,68614.0,53861.0,14753.0,142171.0,26545.0,115626.0,152977.0,134955.0,18022.0,143731.0,142477.0,65958.0,19478.0,46480.0
2024-10-01,2197116.0,192198.0,1683757.0,145171.0,513359.0,47027.0,937550.0,80587.0,926366.0,79615.0,11184.0,972.0,1259566.0,111611.0,757391.0,65556.0,502175.0,46055.0,236928.0,235916.0,124609.0,118488.0,6121.0,106783.0,88826.0,17957.0,69386.0,54558.0,14828.0,143108.0,25353.0,117755.0,152652.0,134386.0,18266.0,144199.0,143137.0,66707.0,19401.0,47307.0
2024-11-01,2192932.0,180040.0,1682467.0,138386.0,510465.0,41653.0,935625.0,75614.0,924316.0,74674.0,11309.0,940.0,1257306.0,104426.0,758151.0,63712.0,499155.0,40713.0,238290.0,237285.0,122567.0,116164.0,6403.0,105922.0,88835.0,17087.0,70810.0,55500.0,15310.0,141484.0,25596.0,115888.0,154811.0,135786.0,19025.0,143977.0,142918.0,65836.0,19108.0,46728.0
2024-12-01,2176642.0,163300.0,1672510.0,127677.0,504132.0,35622.0,939734.0,67289.0,928485.0,66433.0,11249.0,856.0,1236909.0,96011.0,744025.0,61245.0,492884.0,34766.0,228425.0,227427.0,121097.0,114682.0,6415.0,105074.0,88339.0,16735.0,69628.0,54668.0,14960.0,140499.0,24866.0,115632.0,153478.0,135275.0,18204.0,141364.0,140209.0,65502.0,18741.0,46761.0
2025-01-01,2169595.0,154387.0,1663223.0,121469.0,506372.0,32918.0,923551.0,63494.0,912128.0,62652.0,11423.0,842.0,1246043.0,90893.0,751095.0,58817.0,494949.0,32076.0,230876.0,229885.0,122697.0,116362.0,6335.0,105604.0,88919.0,16686.0,69226.0,53897.0,15329.0,138196.0,24442.0,113754.0,157284.0,139480.0,17804.0,143722.0,142645.0,66338.0,18724.0,47614.0
2025-02-01,2165431.0,154599.0,1660300.0,121393.0,505130.0,33206.0,920572.0,63594.0,908929.0,62727.0,11643.0,868.0,1244859.0,91005.0,751371.0,58667.0,493487.0,32338.0,230589.0,229703.0,122786.0,116048.0,6738.0,105816.0,89213.0,16603.0,68727.0,53046.0,15681.0,136752.0,24334.0,112418.0,157695.0,140095.0,17600.0,143168.0,142037.0,67277.0,19527.0,47750.0
2025-03-01,2150847.0,168917.0,1642676.0,132867.0,508171.0,36050.0,909661.0,73052.0,897761.0,72128.0,11901.0,923.0,1241186.0,95866.0,744915.0,60739.0,496271.0,35127.0,228888.0,227643.0,121641.0,114763.0,6879.0,104340.0,87678.0,16662.0,68673.0,53031.0,15642.0,136362.0,24036.0,112326.0,156917.0,139640.0,17278.0,143469.0,142350.0,67976.0,19279.0,48697.0
2025-04-01,2153440.0,178179.0,1639569.0,137571.0,513871.0,40609.0,906503.0,76539.0,894504.0,75532.0,11999.0,1007.0,1246937.0,101641.0,745065.0,62038.0,501872.0,39602.0,227643.0,226333.0,121369.0,114322.0,7047.0,106029.0,89040.0,16989.0,68681.0,52682.0,16000.0,136742.0,24385.0,112356.0,157519.0,140307.0,17212.0,145071.0,144071.0,67830.0,19054.0,48776.0
2025-05-01,2143885.0,186732.0,1630199.0,142175.0,513686.0,44558.0,901227.0,80887.0,889101.0,79844.0,12126.0,1043.0,1242658.0,105845.0,741098.0,62331.0,501561.0,43515.0,226887.0,225550.0,120493.0,113429.0,7064.0,104963.0,87977.0,16986.0,69119.0,52914.0,16204.0,136703.0,24462.0,112241.0,156726.0,139534.0,17192.0,144020.0,143207.0,68026.0,18835.0,49191.0
2025-06-01,2136210.0,193236.0,1621932.0,144531.0,514278.0,48706.0,895093.0,82766.0,883089.0,81693.0,12004.0,1073.0,1241117.0,110470.0,738844.0,62838.0,502273.0,47633.0,225814.0,224606.0,119635.0,112698.0,6937.0,103701.0,86766.0,16935.0,68968.0,52925.0,16044.0,136959.0,24228.0,112731.0,156919.0,139689.0,17230.0,144989.0,144070.0,68465.0,19240.0,49226.0
