timestamp,LNS11000000,LNS11300000,LNS12000000,LNS12300000,LNS12500000,LNS12600000,LNS13000000,LNS14000000,LNS14000012,LNS14000025,LNS14000026,LNS14000003,LNS14000006,LNS14032183,LNS14000009,LNS14027659,LNS14027660,LNS14027689,LNS14027662,LNS13008396,LNS13008756,LNS13008516,LNS13008636,LNS13008275,LNS13008276,LNS13023621,LNS13023653,LNS13025699,LNS13023705,LNS13023557,LNS13023569,LNS12032194,LNS15000000,LNS15026642,LNS15026645,LNS13327709,LNS12026619,LNS12026620,LNU02036012,LNU02033224,LNS11000024,LNS11300024,LNS12000024,LNS13000024,LNS14000024,LNS11000048,LNS11300048,LNS12000048,LNS13000048,LNS14000048,LNS11024230,LNS11324230,LNS12024230,LNS13024230,LNS14024230,LNS11000009,LNS11300009,LNS12000009,LNS13000009,LNS15000009,LNU01076975,LNU01376975,LNU02076975,LNU03076975,LNU04076975,LNU05076975,LNU01000048,LNU01300048,LNU02000048,LNU02500048,LNU02600048,LNU03000048,LNU03100048,LNU03200048,LNU04000048,LNU01000092,LNU01300092,LNU02000092,LNU03000092,LNU04000092,LNU05000092,LNU01024230,LNU01324230,LNU02024230,LNU02524230,LNU02624230,LNU03024230,LNU03124230,LNU03224230,LNU04024230,LNU05024230,LNU01000097,LNU01300097,LNU02000097,LNU03000097,LNU04000097,LNU05000097,LNU01000003,LNU01300003,LNU02000003,LNU02500003,LNU02600003,LNU03000003,LNU04000003,LNU05000003,LNU01000006,LNU01300006,LNU02000006,LNU02500006,LNU02600006,LNU03000006,LNU04000006,LNU05000006,LNU01032183,LNU01332183,LNU02032183,LNU02532183,LNU02632183,LNU03032183,LNU04032183,LNU05032183,LNU01035243,LNU01335243,LNU02035243,LNU03035243,LNU04035243,LNU05035243,LNU01035553,LNU01335553,LNU02035553,LNU03035553,LNU04035553,LNU05035553,LNU01000000,LNU01300000,LNU02000000,LNU02500000,LNU02600000,LNU03000000,LNU03100000,LNU03200000,LNU04000000,LNU04100000,LNU04200000,LNU05000000
2020-01-01,164377.0,63.3,158508.0,61.1,130898.0,27451.0,5869.0,3.6,12.5,3.2,3.3,3.1,6.4,3.0,4.3,5.7,3.9,2.9,1.9,2050.0,1752.0,2063.0,1176.0,21.9,10.0,2614.0,636.0,1979.0,832.0,1885.0,570.0,4275.0,95124.0,1376.0,334.0,7.0,8220.0,5.2,226.0,744.0,158350.0,65.2,153236.0,5115.0,3.2,143234.0,64.5,139093.0,4141.0,2.9,38586.0,40.2,37597.0,988.0,2.6,29701.0,67.9,28439.0,1262.0,14041.0,161500.0,64.4,155220.0,6280.0,3.9,89241.0,142983.0,64.4,138348.0,118978.0,19369.0,4636.0,4017.0,619.0,3.2,71168.0,52.3,69178.0,1990.0,2.8,64943.0,38442.0,40.0,37343.0,29299.0,8043.0,1100.0,877.0,222.0,2.9,57604.0,10948.0,20.3,10627.0,321.0,2.9,42865.0,126487.0,63.0,122058.0,100113.0,21945.0,4429.0,3.5,74431.0,20702.0,62.4,19327.0,16322.0,3005.0,1375.0,6.6,12482.0,10259.0,63.4,9932.0,8501.0,1431.0,327.0,3.2,5920.0,1878.0,60.3,1740.0,137.0,7.3,1238.0,718.0,72.3,700.0,19.0,2.6,276.0,163497.0,63.0,156994.0,129379.0,27615.0,6504.0,5233.0,1270.0,4.0,3.9,4.4,96004.0
2020-02-01,164467.0,63.3,158714.0,61.1,130872.0,27731.0,5753.0,3.5,11.3,3.3,3.1,3.0,6.1,2.5,4.4,5.7,3.7,3.1,1.9,2088.0,1780.0,1898.0,1110.0,20.6,9.4,2678.0,768.0,1910.0,766.0,1813.0,510.0,4378.0,95161.0,1485.0,420.0,7.0,8035.0,5.1,190.0,667.0,158379.0,65.2,153315.0,5064.0,3.2,143244.0,64.5,139084.0,4160.0,2.9,38754.0,40.3,37762.0,992.0,2.6,29722.0,67.8,28407.0,1315.0,14099.0,162264.0,64.7,156241.0,6022.0,3.7,88642.0,143499.0,64.6,138936.0,119066.0,19870.0,4563.0,3926.0,637.0,3.2,71625.0,52.6,69625.0,2000.0,2.8,64572.0,38877.0,40.4,37784.0,29517.0,8267.0,1093.0,832.0,260.0,2.8,57290.0,11206.0,20.8,10845.0,361.0,3.2,42734.0,126954.0,63.2,122669.0,100320.0,22349.0,4285.0,3.4,74014.0,20833.0,62.7,19530.0,16303.0,3227.0,1303.0,6.3,12379.0,10596.0,64.5,10327.0,8764.0,1564.0,268.0,2.5,5825.0,1817.0,58.6,1681.0,136.0,7.5,1282.0,620.0,69.5,603.0,17.0,2.7,272.0,164235.0,63.3,158017.0,129734.0,28283.0,6218.0,5094.0,1124.0,3.8,3.8,3.8,95393.0
2020-03-01,162559.0,62.6,155353.0,59.8,128914.0,26566.0,7206.0,4.4,14.3,4.1,4.0,3.9,7.0,4.2,6.1,7.2,4.4,3.8,2.5,3422.0,1845.0,1924.0,1140.0,17.0,6.0,4176.0,2045.0,2131.0,706.0,1788.0,546.0,5763.0,97200.0,1502.0,557.0,8.8,7221.0,4.6,143.0,341.0,156641.0,64.4,150281.0,6360.0,4.1,142037.0,63.9,136954.0,5083.0,3.6,38184.0,39.7,36890.0,1293.0,3.4,29425.0,67.0,27644.0,1781.0,14471.0,160578.0,64.0,153531.0,7048.0,4.4,90457.0,142471.0,64.1,137107.0,118069.0,19039.0,5363.0,4490.0,873.0,3.8,71090.0,52.2,68628.0,2462.0,3.5,65197.0,38312.0,39.8,36966.0,29069.0,7897.0,1345.0,960.0,385.0,3.5,57983.0,10655.0,19.7,10260.0,394.0,3.7,43413.0,125761.0,62.6,120660.0,99007.0,21653.0,5101.0,4.1,75261.0,20455.0,61.5,19018.0,15868.0,3150.0,1438.0,7.0,12783.0,10486.0,63.9,10058.0,8673.0,1385.0,428.0,4.1,5932.0,1683.0,58.6,1559.0,124.0,7.4,1188.0,593.0,70.8,575.0,18.0,3.0,244.0,162537.0,62.6,155167.0,127981.0,27187.0,7370.0,5689.0,1681.0,4.5,4.3,5.8,97221.0
2020-04-01,156269.0,60.1,133185.0,51.2,114106.0,19300.0,23084.0,14.8,32.8,13.0,15.5,14.2,16.9,14.5,18.9,21.2,17.7,15.5,8.4,14263.0,7066.0,1692.0,910.0,7.2,2.2,20644.0,18052.0,2592.0,549.0,1483.0,379.0,10880.0,103627.0,2304.0,568.0,22.9,5380.0,4.0,35.0,199.0,151331.0,62.2,129866.0,21464.0,14.2,137828.0,62.0,119842.0,17986.0,13.0,37254.0,38.6,32193.0,5061.0,13.6,27747.0,63.1,22491.0,5256.0,16228.0,154255.0,61.4,132224.0,22031.0,14.3,97013.0,137901.0,62.0,120214.0,105605.0,14608.0,17687.0,13961.0,3726.0,12.8,68919.0,50.5,60100.0,8819.0,12.8,67459.0,37295.0,38.7,32304.0,26426.0,5878.0,4991.0,3404.0,1587.0,13.4,59124.0,10304.0,19.0,8695.0,1609.0,15.6,43898.0,120795.0,60.1,104083.0,88560.0,15522.0,16713.0,13.8,80287.0,19425.0,58.4,16248.0,13881.0,2367.0,3177.0,16.4,13841.0,9893.0,60.5,8476.0,7408.0,1067.0,1418.0,14.3,6470.0,1720.0,59.4,1229.0,491.0,28.6,1178.0,564.0,71.0,521.0,43.0,7.6,231.0,155830.0,60.0,133326.0,113656.0,19670.0,22504.0,16445.0,6059.0,14.4,12.6,23.5,104066.0
2020-05-01,158101.0,60.8,137173.0,52.7,116472.0,20906.0,20929.0,13.2,30.5,11.5,13.9,12.3,16.8,15.0,17.6,19.7,15.9,13.7,7.4,3867.0,14806.0,2208.0,1147.0,10.5,7.7,18225.0,15310.0,2914.0,551.0,1648.0,529.0,10627.0,101945.0,2369.0,625.0,21.1,5538.0,4.0,31.0,120.0,152599.0,62.7,133348.0,19251.0,12.6,138783.0,62.4,122757.0,16027.0,11.5,37208.0,38.5,32827.0,4381.0,11.8,28296.0,64.2,23305.0,4991.0,15756.0,156090.0,62.1,136177.0,19913.0,12.8,95314.0,138753.0,62.3,123109.0,107824.0,15286.0,15644.0,12748.0,2896.0,11.3,69204.0,50.7,61590.0,7614.0,11.0,67273.0,37244.0,38.6,32963.0,26851.0,6111.0,4281.0,3001.0,1280.0,11.5,59278.0,10095.0,18.6,8767.0,1328.0,13.2,44215.0,122552.0,60.9,107761.0,91221.0,16539.0,14792.0,12.1,78602.0,19815.0,59.5,16530.0,14065.0,2465.0,3285.0,16.6,13479.0,9932.0,60.6,8462.0,7416.0,1046.0,1470.0,14.8,6453.0,1816.0,59.0,1489.0,327.0,18.0,1262.0,579.0,71.2,518.0,61.0,10.5,234.0,157975.0,60.7,137461.0,116620.0,20841.0,20514.0,15551.0,4963.0,13.0,11.8,19.2,102072.0
2020-06-01,159994.0,61.5,142342.0,54.7,119244.0,23081.0,17652.0,11.0,22.5,10.1,11.2,10.0,15.3,13.6,14.5,16.4,12.3,10.8,6.8,2909.0,11522.0,3272.0,1355.0,14.4,13.4,14174.0,10535.0,3639.0,563.0,2292.0,572.0,9109.0,100210.0,2415.0,675.0,18.0,6226.0,4.4,9.0,109.0,154489.0,63.4,138075.0,16414.0,10.6,140402.0,63.0,126799.0,13603.0,9.7,37748.0,39.1,34143.0,3604.0,9.5,28778.0,65.2,24592.0,4186.0,15354.0,158487.0,63.0,141067.0,17420.0,11.0,93072.0,139814.0,62.8,126259.0,110519.0,15739.0,13556.0,11081.0,2474.0,9.7,69630.0,51.0,63340.0,6290.0,9.0,66950.0,37471.0,38.8,33851.0,27581.0,6270.0,3620.0,2503.0,1117.0,9.7,59193.0,10289.0,18.9,9178.0,1111.0,10.8,44171.0,124744.0,62.0,112020.0,93838.0,18181.0,12725.0,10.2,76488.0,20134.0,60.4,17019.0,14497.0,2522.0,3115.0,15.5,13189.0,10202.0,61.9,8786.0,7678.0,1108.0,1416.0,13.9,6269.0,1698.0,60.8,1476.0,222.0,13.1,1094.0,604.0,70.2,544.0,60.0,10.0,257.0,160883.0,61.8,142811.0,120169.0,22642.0,18072.0,14005.0,4067.0,11.2,10.4,15.2,99321.0
2020-07-01,160132.0,61.5,143779.0,55.2,119948.0,23884.0,16352.0,10.2,19.2,9.4,10.5,9.2,14.3,12.0,12.8,14.9,10.7,9.6,6.7,3140.0,5145.0,8011.0,1544.0,17.0,14.7,12945.0,9268.0,3677.0,587.0,2294.0,539.0,8418.0,100241.0,1965.0,658.0,16.5,6629.0,4.6,10.0,136.0,154625.0,63.4,139328.0,15297.0,9.9,140462.0,63.0,127786.0,12675.0,9.0,38086.0,39.3,34751.0,3335.0,8.8,28690.0,64.9,25011.0,3679.0,15522.0,158734.0,63.1,142368.0,16366.0,10.3,92752.0,139895.0,62.8,126985.0,110799.0,16186.0,12910.0,10686.0,2224.0,9.2,69775.0,51.0,63808.0,5966.0,8.6,66913.0,37894.0,39.1,34481.0,27945.0,6536.0,3413.0,2490.0,923.0,9.0,58933.0,10509.0,19.2,9515.0,994.0,9.5,44119.0,124664.0,61.9,112913.0,94113.0,18800.0,11752.0,9.4,76655.0,20321.0,60.9,17283.0,14810.0,2472.0,3038.0,15.0,13031.0,10481.0,63.8,9207.0,8029.0,1178.0,1274.0,12.2,5939.0,1667.0,60.4,1450.0,217.0,13.0,1093.0,656.0,66.8,579.0,77.0,11.8,326.0,161374.0,62.0,144492.0,121198.0,23294.0,16882.0,13337.0,3545.0,10.5,9.9,13.2,98998.0
2020-08-01,160706.0,61.7,147245.0,56.5,122555.0,24711.0,13461.0,8.4,16.5,7.9,8.3,7.3,12.8,10.5,10.4,12.4,9.9,7.8,5.3,2316.0,3105.0,8137.0,1632.0,19.9,16.2,10249.0,6161.0,4088.0,615.0,2033.0,545.0,7553.0,99852.0,2129.0,574.0,14.2,6781.0,4.6,44.0,133.0,155094.0,63.6,142561.0,12532.0,8.1,140749.0,63.1,130175.0,10575.0,7.5,38232.0,39.4,35320.0,2912.0,7.6,28844.0,65.1,25836.0,3008.0,15457.0,158610.0,63.0,145182.0,13428.0,8.5,92989.0,140444.0,63.0,129647.0,113199.0,16448.0,10797.0,9055.0,1742.0,7.7,70033.0,51.2,65010.0,5023.0,7.2,66786.0,38115.0,39.3,35147.0,28476.0,6672.0,2968.0,2229.0,739.0,7.8,58889.0,10571.0,19.3,9671.0,900.0,8.5,44245.0,124491.0,61.8,115205.0,96353.0,18852.0,9286.0,7.5,76927.0,20199.0,60.5,17551.0,14897.0,2654.0,2648.0,13.1,13187.0,10627.0,64.0,9491.0,8291.0,1201.0,1136.0,10.7,5969.0,1726.0,59.8,1548.0,177.0,10.3,1158.0,658.0,63.8,577.0,81.0,12.4,374.0,160966.0,61.8,147224.0,123619.0,23605.0,13742.0,11221.0,2521.0,8.5,8.3,9.6,99592.0
2020-09-01,160174.0,61.4,147620.0,56.6,122565.0,25011.0,12554.0,7.8,16.0,7.3,7.8,7.0,12.0,8.9,10.2,10.5,9.1,8.2,4.8,2557.0,2735.0,7362.0,2445.0,21.5,17.5,9085.0,4621.0,4464.0,805.0,2083.0,539.0,6283.0,100569.0,1859.0,579.0,12.8,6489.0,4.4,76.0,249.0,154217.0,63.2,142616.0,11601.0,7.5,139735.0,62.6,129914.0,9820.0,7.0,37742.0,38.8,35189.0,2553.0,6.8,28856.0,65.0,25902.0,2954.0,15532.0,157908.0,62.7,145951.0,11957.0,7.6,93976.0,140035.0,62.7,130454.0,113093.0,17360.0,9581.0,8160.0,1421.0,6.8,69669.0,50.9,65204.0,4464.0,6.4,67279.0,37913.0,39.0,35428.0,28491.0,6937.0,2485.0,1972.0,514.0,6.6,59292.0,10727.0,19.5,9980.0,747.0,7.0,44322.0,124095.0,61.6,115603.0,95935.0,19668.0,8492.0,6.8,77420.0,19907.0,59.6,17609.0,14848.0,2761.0,2298.0,11.5,13513.0,10507.0,63.0,9581.0,8153.0,1427.0,926.0,8.8,6162.0,1746.0,59.8,1629.0,117.0,6.7,1172.0,502.0,54.2,429.0,73.0,14.5,424.0,160073.0,61.4,147796.0,122998.0,24798.0,12277.0,9999.0,2278.0,7.7,7.5,8.4,100670.0
2020-10-01,161003.0,61.7,149931.0,57.5,123780.0,26102.0,11072.0,6.9,13.8,6.8,6.4,6.0,10.9,7.5,8.8,9.8,8.2,6.6,4.2,2480.0,2342.0,6216.0,3591.0,22.0,19.0,7679.0,3194.0,4485.0,765.0,1992.0,517.0,6657.0,99922.0,1950.0,592.0,12.1,6721.0,4.5,31.0,181.0,155008.0,63.4,144764.0,10244.0,6.6,140154.0,62.7,131548.0,8606.0,6.1,37664.0,38.7,35608.0,2056.0,5.5,29200.0,65.7,26622.0,2578.0,15275.0,158966.0,63.0,148588.0,10378.0,6.5,93267.0,140528.0,62.9,132215.0,113964.0,18250.0,8313.0,7218.0,1095.0,5.9,69887.0,51.0,66097.0,3790.0,5.4,67190.0,37827.0,38.8,35850.0,28501.0,7349.0,1977.0,1567.0,410.0,5.2,59545.0,10645.0,19.3,10093.0,553.0,5.2,44573.0,124735.0,61.9,117599.0,96908.0,20691.0,7135.0,5.7,76876.0,20249.0,60.5,18109.0,15176.0,2933.0,2140.0,10.6,13204.0,10365.0,62.7,9588.0,7972.0,1616.0,777.0,7.5,6177.0,1795.0,59.2,1601.0,194.0,10.8,1239.0,600.0,58.1,524.0,76.0,12.7,433.0,161053.0,61.7,150433.0,124165.0,26269.0,10620.0,8782.0,1838.0,6.6,6.6,6.5,99872.0
2020-11-01,160629.0,61.5,149934.0,57.4,124433.0,25455.0,10694.0,6.7,13.8,6.6,6.1,6.0,10.3,6.7,8.5,9.4,7.7,6.4,4.2,2491.0,2440.0,5810.0,3924.0,23.3,18.3,7470.0,2800.0,4670.0,688.0,1970.0,556.0,6635.0,100456.0,2033.0,650.0,11.9,6584.0,4.4,60.0,345.0,154703.0,63.3,144827.0,9876.0,6.4,139933.0,62.6,131554.0,8379.0,6.0,37764.0,38.7,35580.0,2184.0,5.8,29210.0,65.6,26716.0,2494.0,15349.0,158437.0,62.8,148456.0,9981.0,6.3,93873.0,140215.0,62.7,132142.0,113910.0,18231.0,8074.0,7131.0,943.0,5.8,69899.0,51.0,66084.0,3814.0,5.5,67287.0,37895.0,38.9,35748.0,28366.0,7382.0,2147.0,1720.0,427.0,5.7,59592.0,10800.0,19.5,10206.0,594.0,5.5,44538.0,124065.0,61.5,117041.0,96581.0,20461.0,7024.0,5.7,77620.0,20166.0,60.2,18184.0,15376.0,2808.0,1982.0,9.8,13320.0,10366.0,62.6,9675.0,8124.0,1552.0,691.0,6.7,6192.0,1831.0,58.3,1672.0,158.0,8.6,1307.0,602.0,66.5,514.0,88.0,14.6,303.0,160468.0,61.5,150203.0,124325.0,25879.0,10264.0,8689.0,1576.0,6.4,6.5,5.7,100617.0
2020-12-01,160745.0,61.5,149975.0,57.4,124895.0,24910.0,10770.0,6.7,15.8,6.4,6.3,6.1,10.0,6.0,9.3,9.9,7.9,6.4,3.9,2913.0,2344.0,5541.0,3967.0,23.2,16.8,7293.0,3062.0,4231.0,754.0,2271.0,507.0,6142.0,100485.0,2180.0,655.0,11.7,6406.0,4.3,111.0,221.0,154807.0,63.3,144978.0,9829.0,6.3,139970.0,62.6,131738.0,8233.0,5.9,37621.0,38.6,35368.0,2253.0,6.0,29217.0,65.5,26498.0,2720.0,15422.0,158096.0,62.6,147920.0,10176.0,6.4,94258.0,139885.0,62.5,131817.0,114025.0,17792.0,8068.0,7052.0,1016.0,5.8,69654.0,50.7,65772.0,3881.0,5.6,67634.0,37582.0,38.5,35391.0,28253.0,7138.0,2191.0,1808.0,383.0,5.8,59998.0,10604.0,19.1,9978.0,626.0,5.9,44849.0,123828.0,61.4,116479.0,96535.0,19944.0,7348.0,5.9,77921.0,19919.0,59.4,18066.0,15237.0,2829.0,1853.0,9.3,13597.0,10259.0,61.9,9664.0,8303.0,1361.0,595.0,5.8,6324.0,1727.0,58.1,1554.0,172.0,10.0,1244.0,623.0,68.5,587.0,36.0,5.7,287.0,160017.0,61.3,149613.0,124415.0,25197.0,10404.0,8622.0,1781.0,6.5,6.5,6.6,101213.0
2021-01-01,160088.0,61.4,149852.0,57.4,125239.0,24536.0,10236.0,6.4,15.0,6.1,6.0,5.7,9.4,6.7,8.5,9.0,7.0,6.1,4.0,2287.0,2472.0,5381.0,4032.0,25.9,16.1,7017.0,2739.0,4277.0,652.0,2027.0,568.0,5947.0,100763.0,1932.0,621.0,11.2,6645.0,4.4,176.0,382.0,154196.0,63.1,144843.0,9353.0,6.1,139540.0,62.4,131672.0,7868.0,5.6,37267.0,38.2,35305.0,1961.0,5.3,28896.0,64.9,26436.0,2461.0,15625.0,157328.0,62.4,146767.0,10562.0,6.7,94741.0,139368.0,62.4,130921.0,113406.0,17514.0,8447.0,7350.0,1097.0,6.1,68927.0,50.3,65187.0,3740.0,5.4,68168.0,37122.0,38.1,35050.0,28088.0,6962.0,2072.0,1630.0,442.0,5.6,60323.0,10407.0,18.8,9842.0,564.0,5.4,44992.0,123054.0,61.0,115454.0,95890.0,19563.0,7601.0,6.2,78534.0,20087.0,60.0,18124.0,15347.0,2777.0,1963.0,9.8,13406.0,10231.0,62.3,9533.0,8150.0,1383.0,698.0,6.8,6192.0,1680.0,57.0,1511.0,169.0,10.1,1265.0,671.0,69.8,604.0,67.0,10.0,290.0,159234.0,61.0,148383.0,123717.0,24666.0,10851.0,9055.0,1795.0,6.8,6.8,6.8,101618.0
2021-02-01,160184.0,61.4,150189.0,57.6,125091.0,25052.0,9995.0,6.2,13.9,6.0,5.9,5.6,9.9,5.1,8.5,10.2,7.1,5.7,3.8,2197.0,2212.0,5523.0,4143.0,27.5,18.4,6578.0,2245.0,4333.0,707.0,2153.0,594.0,6087.0,100734.0,1933.0,529.0,11.1,6667.0,4.4,897.0,1878.0,154193.0,63.1,145030.0,9164.0,5.9,139652.0,62.5,131867.0,7785.0,5.6,37336.0,38.3,35344.0,1992.0,5.3,29189.0,65.5,26697.0,2492.0,15398.0,158009.0,62.7,147813.0,10196.0,6.5,94066.0,139962.0,62.6,131714.0,113868.0,17846.0,8249.0,7220.0,1028.0,5.9,69447.0,50.6,65686.0,3760.0,5.4,67709.0,37444.0,38.4,35350.0,28375.0,6975.0,2095.0,1672.0,423.0,5.6,60101.0,10262.0,18.5,9736.0,526.0,5.1,45270.0,123680.0,61.3,116369.0,96096.0,20273.0,7312.0,5.9,77926.0,20041.0,59.8,17989.0,15268.0,2721.0,2052.0,10.2,13470.0,10404.0,62.7,9873.0,8328.0,1544.0,532.0,5.1,6184.0,1862.0,61.0,1636.0,225.0,12.1,1191.0,735.0,68.6,670.0,66.0,8.9,336.0,160008.0,61.3,149522.0,123981.0,25541.0,10486.0,8792.0,1694.0,6.6,6.6,6.2,100910.0
2021-03-01,160400.0,61.5,150644.0,57.7,125762.0,25065.0,9756.0,6.1,13.0,5.9,5.7,5.4,9.7,6.0,8.0,8.5,6.6,5.9,3.7,2177.0,1972.0,5566.0,4171.0,29.6,20.3,6188.0,2028.0,4160.0,765.0,2302.0,507.0,5796.0,100603.0,1954.0,536.0,10.8,6873.0,4.6,116.0,314.0,154489.0,63.2,145499.0,8990.0,5.8,139806.0,62.5,132422.0,7384.0,5.3,37343.0,38.2,35609.0,1734.0,4.6,29191.0,65.4,26868.0,2323.0,15460.0,158418.0,62.8,148751.0,9666.0,6.1,93939.0,140284.0,62.7,132593.0,114575.0,18018.0,7691.0,6727.0,964.0,5.5,69415.0,50.6,66113.0,3302.0,4.8,67812.0,37467.0,38.4,35682.0,28643.0,7039.0,1785.0,1429.0,357.0,4.8,60168.0,10447.0,18.8,9919.0,527.0,5.0,45215.0,123768.0,61.4,116981.0,96791.0,20190.0,6787.0,5.5,77874.0,20283.0,60.5,18281.0,15296.0,2986.0,2002.0,9.9,13247.0,10433.0,63.1,9817.0,8392.0,1425.0,616.0,5.9,6099.0,1739.0,60.0,1601.0,138.0,7.9,1160.0,679.0,66.5,631.0,48.0,7.1,342.0,160397.0,61.5,150493.0,124840.0,25653.0,9905.0,8370.0,1535.0,6.2,6.3,5.6,100606.0
2021-04-01,160843.0,61.6,151081.0,57.9,126139.0,25062.0,9762.0,6.1,12.1,6.0,5.7,5.3,10.2,5.8,7.9,9.4,7.0,6.0,3.5,2411.0,1986.0,5322.0,4082.0,28.4,20.3,6347.0,2117.0,4230.0,818.0,2127.0,559.0,5227.0,100260.0,1828.0,555.0,10.3,6909.0,4.6,46.0,218.0,154753.0,63.3,145730.0,9023.0,5.8,140145.0,62.6,132647.0,7498.0,5.3,37588.0,38.5,35701.0,1887.0,5.0,29170.0,65.2,26855.0,2315.0,15549.0,158279.0,62.7,149281.0,8998.0,5.7,94121.0,140220.0,62.7,133034.0,115331.0,17703.0,7187.0,6345.0,841.0,5.1,69479.0,50.6,66166.0,3313.0,4.8,67827.0,37618.0,38.5,35800.0,28838.0,6962.0,1818.0,1479.0,339.0,4.8,60118.0,10502.0,18.8,10008.0,495.0,4.7,45293.0,123638.0,61.3,117458.0,97338.0,20120.0,6180.0,5.0,78049.0,20488.0,61.1,18555.0,15634.0,2921.0,1932.0,9.4,13064.0,10294.0,62.3,9722.0,8341.0,1381.0,571.0,5.6,6238.0,1735.0,59.6,1575.0,160.0,9.2,1178.0,754.0,68.2,665.0,89.0,11.8,352.0,160379.0,61.4,151160.0,125635.0,25524.0,9220.0,7844.0,1375.0,5.7,5.9,5.1,100723.0
2021-05-01,160800.0,61.6,151535.0,58.0,126459.0,25280.0,9266.0,5.8,9.7,5.8,5.3,5.1,9.0,5.7,7.2,9.0,6.9,5.9,3.1,1997.0,2181.0,5003.0,3707.0,29.6,19.5,5768.0,1837.0,3931.0,792.0,2186.0,511.0,5244.0,100410.0,1929.0,573.0,10.1,7287.0,4.8,43.0,201.0,154801.0,63.2,146117.0,8684.0,5.6,140170.0,62.6,133017.0,7153.0,5.1,37647.0,38.5,35829.0,1818.0,4.8,29120.0,65.0,27008.0,2111.0,15666.0,158440.0,62.7,149812.0,8629.0,5.4,94091.0,140135.0,62.6,133369.0,115894.0,17474.0,6767.0,6033.0,733.0,4.8,69482.0,50.6,66333.0,3149.0,4.5,67911.0,37670.0,38.5,35949.0,28849.0,7100.0,1721.0,1380.0,341.0,4.6,60177.0,10467.0,18.7,9930.0,537.0,5.1,45451.0,123766.0,61.3,117808.0,97957.0,19851.0,5958.0,4.8,77976.0,20409.0,60.8,18603.0,15822.0,2782.0,1806.0,8.8,13163.0,10401.0,62.9,9834.0,8414.0,1420.0,567.0,5.5,6128.0,1857.0,62.4,1681.0,176.0,9.5,1117.0,678.0,62.6,640.0,38.0,5.6,406.0,160607.0,61.5,151778.0,126579.0,25199.0,8829.0,7586.0,1242.0,5.5,5.7,4.7,100603.0
2021-06-01,161197.0,61.7,151734.0,58.1,126119.0,25647.0,9462.0,5.9,11.3,5.8,5.5,5.2,9.1,5.5,7.3,10.3,7.0,5.8,3.4,2001.0,2177.0,5315.0,3988.0,32.0,19.8,5675.0,1729.0,3946.0,950.0,2287.0,494.0,4640.0,100142.0,1803.0,623.0,9.8,7114.0,4.7,15.0,103.0,155340.0,63.4,146537.0,8803.0,5.7,140669.0,62.8,133145.0,7524.0,5.3,37696.0,38.5,35863.0,1834.0,4.9,29287.0,65.3,27147.0,2140.0,15570.0,159583.0,63.1,150086.0,9497.0,6.0,93331.0,140047.0,62.5,132582.0,115445.0,17137.0,7465.0,6561.0,903.0,5.3,69157.0,50.3,65859.0,3299.0,4.8,68333.0,37407.0,38.2,35554.0,28548.0,7006.0,1853.0,1479.0,374.0,5.0,60569.0,10420.0,18.6,9822.0,598.0,5.7,45642.0,124582.0,61.7,117832.0,98054.0,19779.0,6750.0,5.4,77231.0,20846.0,62.1,18881.0,16098.0,2783.0,1966.0,9.4,12749.0,10465.0,63.7,9851.0,8458.0,1393.0,613.0,5.9,5964.0,1796.0,62.6,1658.0,138.0,7.7,1075.0,655.0,65.9,597.0,58.0,8.9,339.0,162167.0,62.1,152283.0,127156.0,25127.0,9883.0,8342.0,1542.0,6.1,6.2,5.8,99172.0
2021-07-01,161504.0,61.8,152773.0,58.4,127445.0,25377.0,8731.0,5.4,10.5,5.4,5.0,4.8,8.1,5.3,6.4,9.3,6.2,4.9,3.1,2245.0,1851.0,4637.0,3477.0,29.8,14.7,5010.0,1285.0,3725.0,924.0,2286.0,485.0,4451.0,99966.0,1858.0,496.0,9.2,7075.0,4.6,58.0,191.0,155546.0,63.5,147440.0,8106.0,5.2,140859.0,62.8,134139.0,6720.0,4.8,37659.0,38.4,36009.0,1650.0,4.4,29507.0,65.7,27609.0,1898.0,15420.0,160057.0,63.3,151189.0,8868.0,5.5,92955.0,140295.0,62.6,133327.0,116464.0,16864.0,6967.0,6081.0,887.0,5.0,69171.0,50.3,66167.0,3004.0,4.3,68418.0,37469.0,38.2,35741.0,28972.0,6769.0,1728.0,1369.0,359.0,4.6,60625.0,10303.0,18.3,9760.0,543.0,5.3,45890.0,125285.0,62.1,118974.0,99450.0,19524.0,6311.0,5.0,76602.0,20692.0,61.6,18883.0,16044.0,2839.0,1809.0,8.7,12926.0,10703.0,64.8,10118.0,8713.0,1406.0,585.0,5.5,5811.0,1850.0,62.5,1716.0,134.0,7.2,1112.0,739.0,66.6,686.0,53.0,7.2,371.0,162817.0,62.3,153596.0,128863.0,24732.0,9221.0,7778.0,1443.0,5.7,5.7,5.5,98653.0
2021-08-01,161527.0,61.7,153250.0,58.6,127551.0,25705.0,8276.0,5.1,11.0,5.0,4.7,4.5,8.6,4.4,6.0,7.6,6.0,5.0,2.8,2082.0,1932.0,4356.0,3189.0,29.5,14.2,4444.0,1234.0,3211.0,828.0,2416.0,510.0,4450.0,100084.0,1601.0,395.0,8.8,7031.0,4.6,47.0,153.0,155576.0,63.5,147956.0,7620.0,4.9,140858.0,62.8,134588.0,6270.0,4.5,37814.0,38.5,36342.0,1472.0,3.9,29441.0,65.4,27666.0,1775.0,15562.0,159252.0,63.0,150966.0,8286.0,5.2,93671.0,140582.0,62.7,134068.0,117012.0,17055.0,6514.0,5615.0,900.0,4.6,69531.0,50.5,66665.0,2867.0,4.1,68184.0,37715.0,38.4,36186.0,29287.0,6899.0,1529.0,1184.0,345.0,4.1,60565.0,10657.0,18.9,10161.0,496.0,4.7,45780.0,124329.0,61.6,118601.0,99352.0,19249.0,5728.0,4.6,77639.0,20823.0,61.9,18934.0,15972.0,2962.0,1889.0,9.1,12822.0,10672.0,64.5,10181.0,8869.0,1312.0,492.0,4.6,5883.0,1794.0,59.3,1641.0,152.0,8.5,1230.0,792.0,70.1,752.0,41.0,5.1,338.0,161788.0,61.8,153232.0,128664.0,24568.0,8556.0,7075.0,1481.0,5.3,5.2,5.7,99823.0
2021-09-01,161495.0,61.7,153843.0,58.8,128039.0,25757.0,7652.0,4.7,11.1,4.7,4.3,4.2,7.7,4.1,6.2,7.6,5.7,4.5,2.6,2249.0,1728.0,3715.0,2714.0,28.5,13.2,4079.0,1123.0,2956.0,789.0,2230.0,501.0,4457.0,100271.0,1672.0,430.0,8.4,7040.0,4.6,94.0,404.0,155485.0,63.4,148503.0,6982.0,4.5,140748.0,62.7,134926.0,5822.0,4.1,37862.0,38.5,36523.0,1340.0,3.5,29629.0,65.7,27784.0,1845.0,15454.0,159112.0,62.9,151955.0,7157.0,4.5,93782.0,141075.0,62.8,135481.0,117463.0,18018.0,5594.0,4941.0,653.0,4.0,70069.0,50.8,67616.0,2454.0,3.5,67778.0,38046.0,38.7,36778.0,29217.0,7562.0,1268.0,1047.0,221.0,3.3,60372.0,10840.0,19.2,10489.0,351.0,3.2,45766.0,124134.0,61.4,119154.0,98843.0,20311.0,4980.0,4.0,77923.0,20588.0,61.1,19063.0,16254.0,2810.0,1524.0,7.4,13086.0,10683.0,64.6,10245.0,8796.0,1449.0,438.0,4.1,5857.0,1936.0,60.3,1822.0,115.0,5.9,1277.0,697.0,63.0,655.0,41.0,5.9,408.0,161392.0,61.7,154026.0,128484.0,25542.0,7366.0,6237.0,1130.0,4.6,4.6,4.2,100373.0
2021-10-01,161754.0,61.8,154475.0,59.0,128471.0,25963.0,7279.0,4.5,11.3,4.3,4.2,3.9,7.6,4.1,5.7,7.1,5.4,4.3,2.4,2065.0,1876.0,3345.0,2371.0,26.8,12.4,3664.0,1012.0,2652.0,846.0,2162.0,533.0,4413.0,100154.0,1663.0,458.0,8.2,7017.0,4.5,27.0,170.0,155760.0,63.5,149155.0,6604.0,4.2,140895.0,62.7,135364.0,5531.0,3.9,37742.0,38.3,36420.0,1322.0,3.5,29724.0,65.8,28043.0,1681.0,15435.0,159674.0,63.1,152967.0,6707.0,4.2,93401.0,141274.0,62.9,136030.0,117747.0,18282.0,5244.0,4534.0,711.0,3.7,69887.0,50.7,67536.0,2351.0,3.4,68086.0,37916.0,38.5,36674.0,29220.0,7454.0,1241.0,970.0,272.0,3.3,60614.0,10854.0,19.1,10463.0,392.0,3.6,45901.0,124407.0,61.5,119891.0,99375.0,20516.0,4517.0,3.6,77731.0,20689.0,61.4,19120.0,16240.0,2880.0,1568.0,7.6,13011.0,10756.0,65.2,10312.0,8651.0,1660.0,445.0,4.1,5729.0,1883.0,60.2,1776.0,107.0,5.7,1246.0,748.0,65.4,703.0,45.0,6.1,396.0,161863.0,61.8,154966.0,128848.0,26119.0,6896.0,5686.0,1210.0,4.3,4.2,4.4,100045.0
2021-11-01,162281.0,61.9,155530.0,59.4,129440.0,26049.0,6751.0,4.2,10.9,3.9,3.9,3.7,6.4,3.8,5.0,5.6,5.1,3.7,2.3,1993.0,1679.0,3065.0,2181.0,28.9,12.3,3334.0,863.0,2471.0,838.0,2139.0,425.0,4307.0,99747.0,1563.0,445.0,7.7,7067.0,4.5,37.0,163.0,156298.0,63.6,150198.0,6100.0,3.9,141292.0,62.8,136267.0,5025.0,3.6,37854.0,38.4,36647.0,1207.0,3.2,30040.0,66.4,28529.0,1511.0,15192.0,159855.0,63.2,153771.0,6084.0,3.8,93069.0,141566.0,63.0,136848.0,118404.0,18444.0,4718.0,4143.0,575.0,3.3,69931.0,50.6,67871.0,2060.0,2.9,68158.0,37985.0,38.5,36815.0,29295.0,7520.0,1169.0,930.0,240.0,3.1,60672.0,10979.0,19.3,10629.0,350.0,3.2,45928.0,124666.0,61.7,120431.0,99607.0,20824.0,4234.0,3.4,77533.0,20478.0,60.7,19232.0,16483.0,2750.0,1246.0,6.1,13247.0,10767.0,65.2,10365.0,8675.0,1690.0,402.0,3.7,5746.0,1888.0,60.7,1761.0,127.0,6.7,1222.0,787.0,66.3,766.0,21.0,2.7,400.0,162099.0,61.9,155797.0,129322.0,26475.0,6302.0,5263.0,1039.0,3.9,3.9,3.8,99930.0
2021-12-01,162497.0,62.0,156099.0,59.5,130331.0,25602.0,6398.0,3.9,11.0,3.7,3.6,3.3,7.0,3.8,4.6,5.4,4.5,3.5,2.1,1985.0,1596.0,2787.0,1993.0,28.0,11.5,3080.0,776.0,2305.0,722.0,2064.0,510.0,3945.0,99639.0,1662.0,460.0,7.3,7354.0,4.7,74.0,214.0,156558.0,63.7,150814.0,5744.0,3.7,141510.0,62.9,136836.0,4674.0,3.3,37971.0,38.5,36868.0,1103.0,2.9,29895.0,66.0,28507.0,1389.0,15407.0,159528.0,63.1,153766.0,5762.0,3.6,93482.0,141389.0,62.9,136907.0,118880.0,18027.0,4482.0,3871.0,611.0,3.2,69821.0,50.5,67922.0,1899.0,2.7,68376.0,37931.0,38.4,36891.0,29378.0,7512.0,1040.0,792.0,248.0,2.7,60810.0,11058.0,19.4,10769.0,289.0,2.6,45960.0,124427.0,61.5,120536.0,100091.0,20445.0,3891.0,3.1,77823.0,20364.0,60.3,19045.0,16318.0,2727.0,1319.0,6.5,13385.0,10727.0,64.6,10344.0,8775.0,1569.0,383.0,3.6,5885.0,1894.0,60.4,1745.0,149.0,7.9,1242.0,689.0,69.8,658.0,31.0,4.5,297.0,161696.0,61.7,155732.0,129824.0,25908.0,5964.0,4920.0,1044.0,3.7,3.7,3.9,100440.0
2022-01-01,163627.0,62.2,157115.0,59.7,131310.0,25715.0,6512.0,4.0,11.1,3.7,3.7,3.4,7.0,3.6,4.7,6.4,4.5,3.5,2.3,2469.0,1610.0,2507.0,1656.0,24.5,10.0,3274.0,986.0,2288.0,950.0,1970.0,446.0,3720.0,99576.0,1528.0,405.0,7.1,7460.0,4.7,211.0,747.0,157387.0,63.9,151569.0,5818.0,3.7,142766.0,63.4,137912.0,4855.0,3.4,38379.0,39.1,37183.0,1196.0,3.1,30334.0,66.3,28910.0,1424.0,15406.0,160617.0,63.2,153653.0,6964.0,4.3,93492.0,142512.0,63.2,137141.0,119153.0,17987.0,5371.0,4666.0,705.0,3.8,70623.0,51.1,68364.0,2259.0,3.2,67600.0,38233.0,39.0,36927.0,29695.0,7232.0,1306.0,1002.0,304.0,3.4,59926.0,10649.0,19.1,10274.0,375.0,3.5,45157.0,125148.0,61.7,120320.0,100029.0,20291.0,4828.0,3.9,77671.0,20914.0,61.6,19392.0,16428.0,2964.0,1522.0,7.3,13063.0,10806.0,63.9,10403.0,8831.0,1572.0,403.0,3.7,6097.0,1727.0,59.3,1535.0,192.0,11.1,1188.0,684.0,66.9,648.0,35.0,5.2,339.0,162825.0,61.9,155618.0,129747.0,25871.0,7207.0,5877.0,1330.0,4.4,4.3,4.9,100378.0
2022-02-01,163899.0,62.2,157598.0,59.8,131837.0,25719.0,6301.0,3.8,10.2,3.6,3.7,3.3,6.7,2.9,4.4,4.4,4.4,3.7,2.1,2125.0,1769.0,2425.0,1689.0,26.3,10.1,2999.0,864.0,2135.0,964.0,1945.0,429.0,4126.0,99425.0,1492.0,393.0,7.2,7423.0,4.7,161.0,592.0,157790.0,64.1,152111.0,5679.0,3.6,143028.0,63.4,138393.0,4636.0,3.2,38474.0,39.2,37324.0,1149.0,3.0,30496.0,66.6,29165.0,1331.0,15320.0,161410.0,63.5,154861.0,6549.0,4.1,92754.0,143296.0,63.6,138240.0,120145.0,18095.0,5056.0,4401.0,655.0,3.5,70897.0,51.3,68744.0,2153.0,3.0,67427.0,38570.0,39.3,37317.0,29775.0,7542.0,1253.0,993.0,260.0,3.2,59686.0,10829.0,19.4,10475.0,355.0,3.3,45098.0,126014.0,62.1,121402.0,100753.0,20649.0,4612.0,3.7,76861.0,21003.0,61.8,19566.0,16534.0,3032.0,1437.0,6.8,13001.0,10567.0,63.0,10256.0,8788.0,1468.0,311.0,2.9,6215.0,1915.0,60.9,1774.0,142.0,7.4,1227.0,746.0,65.9,704.0,42.0,5.6,387.0,163725.0,62.2,156942.0,130712.0,26230.0,6782.0,5627.0,1155.0,4.1,4.1,4.2,99600.0
2022-03-01,164220.0,62.3,158206.0,60.1,132573.0,25830.0,6014.0,3.7,10.2,3.4,3.4,3.2,6.3,2.8,4.2,5.5,4.0,3.1,1.9,2302.0,1706.0,1995.0,1380.0,24.2,8.8,2749.0,728.0,2021.0,785.0,2038.0,472.0,4149.0,99224.0,1412.0,381.0,7.0,7355.0,4.6,89.0,394.0,157962.0,64.1,152586.0,5376.0,3.4,143139.0,63.5,138945.0,4194.0,2.9,38296.0,38.9,37285.0,1011.0,2.6,30457.0,66.4,29171.0,1286.0,15431.0,161996.0,63.7,156026.0,5970.0,3.7,92385.0,143600.0,63.7,139145.0,120867.0,18278.0,4456.0,3823.0,633.0,3.1,70969.0,51.3,69115.0,1854.0,2.6,67455.0,38417.0,39.0,37357.0,29843.0,7514.0,1061.0,769.0,292.0,2.8,59982.0,10736.0,19.1,10415.0,320.0,3.0,45378.0,126302.0,62.2,122122.0,101351.0,20771.0,4180.0,3.3,76630.0,21026.0,61.8,19695.0,16694.0,3002.0,1331.0,6.3,13003.0,10784.0,64.2,10493.0,9002.0,1491.0,291.0,2.7,6019.0,1915.0,59.8,1786.0,130.0,6.8,1290.0,781.0,70.1,758.0,23.0,2.9,333.0,164274.0,62.4,158106.0,131663.0,26443.0,6168.0,5017.0,1152.0,3.8,3.7,4.2,99170.0
2022-04-01,163893.0,62.2,157891.0,59.9,131854.0,26145.0,6002.0,3.7,10.7,3.5,3.3,3.3,6.1,3.1,4.2,5.4,3.8,3.1,2.0,2279.0,1603.0,2015.0,1386.0,24.8,8.6,2902.0,902.0,2000.0,793.0,1863.0,508.0,4018.0,99666.0,1619.0,460.0,7.0,7562.0,4.8,77.0,403.0,157664.0,64.0,152327.0,5337.0,3.4,143018.0,63.4,138737.0,4281.0,3.0,38265.0,38.8,37201.0,1064.0,2.8,30365.0,66.1,29083.0,1282.0,15598.0,161137.0,63.3,155876.0,5261.0,3.3,93443.0,143127.0,63.4,139140.0,120804.0,18336.0,3987.0,3346.0,641.0,2.8,70565.0,50.9,68922.0,1643.0,2.3,67957.0,38287.0,38.9,37292.0,29833.0,7459.0,996.0,786.0,209.0,2.6,60241.0,10643.0,18.9,10340.0,303.0,2.8,45644.0,125320.0,61.7,121625.0,100755.0,20871.0,3694.0,2.9,77663.0,21176.0,62.2,19992.0,16970.0,3022.0,1184.0,5.6,12880.0,10763.0,64.0,10453.0,9029.0,1423.0,310.0,2.9,6064.0,1781.0,58.8,1687.0,94.0,5.3,1248.0,739.0,66.2,719.0,21.0,2.8,378.0,163449.0,62.0,157991.0,131362.0,26629.0,5458.0,4385.0,1073.0,3.3,3.2,3.9,100110.0
2022-05-01,164362.0,62.3,158378.0,60.1,132685.0,25873.0,5983.0,3.6,10.5,3.4,3.4,3.2,6.2,2.5,4.4,5.2,3.7,3.4,1.9,2030.0,1760.0,2035.0,1294.0,22.4,9.0,2703.0,822.0,1881.0,772.0,1951.0,536.0,4314.0,99317.0,1458.0,397.0,7.1,7354.0,4.6,18.0,98.0,158150.0,64.1,152818.0,5331.0,3.4,143393.0,63.5,139110.0,4284.0,3.0,38440.0,39.0,37403.0,1037.0,2.7,30548.0,66.4,29199.0,1348.0,15491.0,161844.0,63.5,156542.0,5303.0,3.3,92888.0,143389.0,63.5,139471.0,121431.0,18040.0,3919.0,3330.0,589.0,2.7,70702.0,51.0,69089.0,1612.0,2.3,67918.0,38458.0,39.0,37516.0,30124.0,7392.0,941.0,659.0,282.0,2.4,60188.0,10839.0,19.2,10533.0,306.0,2.8,45605.0,125560.0,61.8,121823.0,101544.0,20279.0,3737.0,3.0,77479.0,21441.0,62.9,20147.0,17321.0,2826.0,1294.0,6.0,12638.0,10854.0,64.5,10613.0,9070.0,1544.0,241.0,2.2,5961.0,1894.0,59.8,1809.0,85.0,4.5,1275.0,730.0,69.0,700.0,30.0,4.1,328.0,164157.0,62.3,158609.0,132820.0,25789.0,5548.0,4509.0,1039.0,3.4,3.3,3.9,99521.0
2022-06-01,164046.0,62.2,158094.0,59.9,132512.0,25578.0,5951.0,3.6,11.1,3.4,3.3,3.3,5.8,2.9,4.3,5.7,3.6,3.1,2.0,2256.0,1525.0,2105.0,1355.0,22.3,8.0,2577.0,753.0,1825.0,839.0,2009.0,449.0,3642.0,99789.0,1498.0,381.0,6.7,7568.0,4.8,12.0,131.0,157810.0,64.0,152549.0,5261.0,3.3,142907.0,63.3,138659.0,4248.0,3.0,38252.0,38.7,37202.0,1050.0,2.7,30640.0,66.4,29309.0,1332.0,15479.0,162200.0,63.6,156283.0,5917.0,3.6,92729.0,142298.0,63.0,138087.0,120748.0,17340.0,4211.0,3662.0,549.0,3.0,70152.0,50.6,68344.0,1808.0,2.6,68585.0,37956.0,38.4,36887.0,29682.0,7205.0,1069.0,786.0,283.0,2.8,60823.0,10667.0,18.8,10336.0,331.0,3.1,45956.0,126371.0,62.2,121949.0,102214.0,19734.0,4422.0,3.5,76754.0,21379.0,62.7,20082.0,17401.0,2681.0,1297.0,6.1,12728.0,10954.0,64.8,10602.0,9146.0,1456.0,352.0,3.2,5956.0,1860.0,61.7,1767.0,92.0,5.0,1154.0,691.0,64.0,667.0,24.0,3.4,388.0,165012.0,62.5,158678.0,133626.0,25052.0,6334.0,5231.0,1103.0,3.8,3.8,4.2,98822.0
2022-07-01,164026.0,62.1,158258.0,59.9,132447.0,25885.0,5768.0,3.5,11.3,3.3,3.1,3.1,5.9,2.7,4.0,5.8,3.6,2.8,2.0,2084.0,1858.0,1817.0,1120.0,22.2,8.3,2660.0,871.0,1788.0,841.0,1807.0,486.0,3930.0,99985.0,1557.0,430.0,6.8,7639.0,4.8,33.0,133.0,157858.0,63.9,152789.0,5069.0,3.2,142929.0,63.2,138880.0,4049.0,2.8,38242.0,38.7,37282.0,960.0,2.5,30360.0,65.7,29149.0,1210.0,15841.0,162424.0,63.7,156510.0,5914.0,3.6,92629.0,142378.0,63.0,138075.0,120936.0,17139.0,4303.0,3611.0,692.0,3.0,70334.0,50.6,68463.0,1872.0,2.7,68531.0,38063.0,38.5,37027.0,29871.0,7155.0,1036.0,722.0,314.0,2.7,60846.0,10719.0,18.9,10333.0,386.0,3.6,46058.0,126611.0,62.3,122376.0,102392.0,19984.0,4235.0,3.3,76618.0,21418.0,62.7,20027.0,17342.0,2685.0,1391.0,6.5,12720.0,11050.0,65.3,10731.0,9223.0,1509.0,319.0,2.9,5870.0,1911.0,60.7,1836.0,75.0,3.9,1237.0,791.0,65.8,755.0,35.0,4.5,412.0,165321.0,62.6,159067.0,133844.0,25223.0,6255.0,5026.0,1229.0,3.8,3.6,4.6,98690.0
2022-08-01,164654.0,62.3,158735.0,60.1,132500.0,26228.0,5919.0,3.6,10.1,3.4,3.2,3.1,6.4,2.7,4.5,6.0,4.4,3.0,1.9,2190.0,1845.0,2039.0,1231.0,22.4,8.6,2763.0,813.0,1950.0,900.0,1810.0,427.0,4125.0,99530.0,1455.0,367.0,6.9,7759.0,4.9,29.0,159.0,158195.0,64.0,152929.0,5266.0,3.3,143386.0,63.4,139114.0,4272.0,3.0,38104.0,38.5,37097.0,1007.0,2.6,30923.0,66.8,29546.0,1378.0,15364.0,162174.0,63.6,156168.0,6006.0,3.7,92782.0,143131.0,63.3,138604.0,121416.0,17188.0,4527.0,3845.0,682.0,3.2,70636.0,50.8,68651.0,1985.0,2.8,68375.0,38023.0,38.4,36959.0,29697.0,7262.0,1064.0,748.0,317.0,2.8,61045.0,10860.0,19.1,10508.0,351.0,3.2,46125.0,126264.0,62.1,122115.0,102268.0,19848.0,4148.0,3.3,77061.0,21259.0,62.2,19824.0,17072.0,2752.0,1436.0,6.8,12912.0,11166.0,65.7,10841.0,9413.0,1428.0,326.0,2.9,5823.0,1892.0,62.3,1799.0,93.0,4.9,1144.0,794.0,68.3,763.0,30.0,3.8,368.0,164971.0,62.4,158714.0,133630.0,25085.0,6256.0,5086.0,1171.0,3.8,3.7,4.5,99213.0
2022-09-01,164602.0,62.3,158810.0,60.1,132556.0,26197.0,5792.0,3.5,11.3,3.3,3.1,3.0,5.8,2.4,3.9,5.5,3.7,2.9,1.8,2168.0,1627.0,1981.0,1118.0,20.2,8.1,2530.0,797.0,1733.0,904.0,1804.0,463.0,3850.0,99753.0,1558.0,480.0,6.7,7746.0,4.9,28.0,75.0,158294.0,64.0,153213.0,5081.0,3.2,143396.0,63.3,139422.0,3974.0,2.8,38361.0,38.7,37437.0,924.0,2.4,30682.0,66.2,29473.0,1209.0,15691.0,162091.0,63.6,156888.0,5204.0,3.2,92820.0,143753.0,63.5,140000.0,121971.0,18028.0,3753.0,3272.0,481.0,2.6,71297.0,51.2,69814.0,1483.0,2.1,67859.0,38560.0,38.9,37709.0,30128.0,7581.0,851.0,643.0,208.0,2.2,60631.0,11250.0,19.7,11004.0,247.0,2.2,45897.0,126036.0,62.0,122403.0,101828.0,20575.0,3633.0,2.9,77383.0,21218.0,62.0,20041.0,17295.0,2746.0,1177.0,5.5,12986.0,11151.0,65.1,10882.0,9376.0,1506.0,269.0,2.4,5981.0,1848.0,60.3,1716.0,132.0,7.1,1215.0,779.0,65.5,750.0,29.0,3.7,411.0,164463.0,62.2,159003.0,133027.0,25976.0,5460.0,4467.0,993.0,3.3,3.2,3.7,99893.0
2022-10-01,164648.0,62.2,158684.0,60.0,132163.0,26460.0,5964.0,3.6,10.6,3.3,3.4,3.2,5.8,2.9,4.2,6.2,4.0,3.0,1.9,2204.0,1803.0,1984.0,1214.0,20.8,8.0,2683.0,838.0,1845.0,863.0,1862.0,497.0,3675.0,99888.0,1493.0,372.0,6.7,7518.0,4.7,35.0,144.0,158359.0,64.0,153062.0,5296.0,3.3,143493.0,63.3,139212.0,4281.0,3.0,38505.0,38.8,37580.0,925.0,2.4,30795.0,66.3,29493.0,1302.0,15664.0,162358.0,63.6,156951.0,5407.0,3.3,92733.0,143886.0,63.5,139873.0,121534.0,18338.0,4013.0,3392.0,621.0,2.8,71265.0,51.2,69586.0,1679.0,2.4,68041.0,38688.0,39.0,37844.0,30245.0,7600.0,844.0,609.0,235.0,2.2,60626.0,11356.0,19.8,11113.0,243.0,2.1,45951.0,126215.0,62.0,122490.0,101647.0,20843.0,3725.0,3.0,77308.0,21368.0,62.4,20124.0,17096.0,3028.0,1244.0,5.8,12869.0,11100.0,64.8,10776.0,9219.0,1557.0,323.0,2.9,6029.0,1735.0,58.9,1638.0,98.0,5.6,1212.0,763.0,65.2,740.0,24.0,3.1,408.0,164753.0,62.3,159144.0,132544.0,26600.0,5609.0,4599.0,1010.0,3.4,3.4,3.7,99782.0
2022-11-01,164450.0,62.1,158507.0,59.9,132254.0,26188.0,5943.0,3.6,11.3,3.3,3.3,3.3,5.6,2.6,4.0,4.4,3.9,3.2,2.0,2253.0,1663.0,2039.0,1244.0,21.5,8.2,2737.0,796.0,1940.0,828.0,1798.0,560.0,3724.0,100258.0,1467.0,404.0,6.7,7659.0,4.8,95.0,570.0,157979.0,63.8,152764.0,5215.0,3.3,143147.0,63.2,138910.0,4236.0,3.0,38311.0,38.5,37387.0,924.0,2.4,30654.0,65.9,29434.0,1220.0,15890.0,161839.0,63.4,156585.0,5254.0,3.2,93532.0,143425.0,63.3,139478.0,121149.0,18329.0,3947.0,3294.0,653.0,2.8,70938.0,50.9,69255.0,1683.0,2.4,68505.0,38443.0,38.7,37555.0,29903.0,7652.0,888.0,599.0,289.0,2.3,61014.0,11085.0,19.3,10740.0,345.0,3.1,46397.0,125707.0,61.7,121967.0,101118.0,20848.0,3741.0,3.0,77910.0,21354.0,62.3,20203.0,17246.0,2958.0,1151.0,5.4,12917.0,10968.0,64.6,10686.0,9116.0,1571.0,282.0,2.6,6011.0,1683.0,57.6,1553.0,130.0,7.7,1238.0,702.0,68.1,670.0,31.0,4.5,329.0,164272.0,62.1,158749.0,132154.0,26595.0,5523.0,4370.0,1153.0,3.4,3.2,4.2,100436.0
2022-12-01,165025.0,62.3,159259.0,60.1,132326.0,26729.0,5766.0,3.5,10.5,3.2,3.2,3.1,5.7,2.5,4.2,5.0,3.5,2.9,1.9,2229.0,1645.0,1894.0,1073.0,19.4,8.2,2614.0,784.0,1831.0,820.0,1810.0,499.0,3887.0,99819.0,1257.0,411.0,6.6,8020.0,5.0,133.0,395.0,158690.0,64.1,153588.0,5101.0,3.2,143693.0,63.4,139661.0,4031.0,2.8,38646.0,38.8,37625.0,1021.0,2.6,30966.0,66.4,29659.0,1306.0,15659.0,161798.0,63.3,156621.0,5177.0,3.2,93768.0,143540.0,63.3,139705.0,120845.0,18859.0,3835.0,3210.0,625.0,2.7,71214.0,51.0,69524.0,1690.0,2.4,68347.0,38596.0,38.8,37636.0,29738.0,7898.0,960.0,621.0,340.0,2.5,60957.0,11136.0,19.3,10819.0,317.0,2.9,46482.0,125934.0,61.8,122301.0,100862.0,21439.0,3633.0,2.9,77750.0,21278.0,62.0,20146.0,17318.0,2827.0,1132.0,5.3,13023.0,10890.0,64.0,10650.0,9094.0,1555.0,241.0,2.2,6115.0,1748.0,55.8,1654.0,93.0,5.3,1382.0,726.0,64.2,694.0,32.0,4.4,405.0,164224.0,62.0,158872.0,131812.0,27060.0,5352.0,4359.0,993.0,3.3,3.2,3.5,100621.0
2023-01-01,165964.0,62.4,160217.0,60.2,132789.0,27321.0,5747.0,3.5,10.4,3.2,3.1,3.1,5.4,2.9,4.6,4.6,3.7,2.9,2.0,1941.0,1796.0,2008.0,1087.0,20.3,9.7,2576.0,757.0,1820.0,883.0,1809.0,556.0,4041.0,99998.0,1349.0,331.0,6.7,8008.0,5.0,251.0,382.0,159594.0,64.1,154512.0,5081.0,3.2,143939.0,63.5,139902.0,4037.0,2.8,38334.0,38.7,37454.0,880.0,2.3,31196.0,66.4,29757.0,1439.0,15814.0,162797.0,63.4,156659.0,6138.0,3.8,93891.0,143628.0,63.4,139108.0,120147.0,18961.0,4520.0,3867.0,653.0,3.1,70713.0,50.9,68861.0,1851.0,2.6,68319.0,38177.0,38.5,37188.0,29116.0,8072.0,989.0,727.0,262.0,2.6,60936.0,10989.0,19.1,10665.0,325.0,3.0,46557.0,126133.0,61.8,121675.0,99847.0,21828.0,4458.0,3.5,77928.0,21544.0,62.5,20335.0,17363.0,2972.0,1209.0,5.6,12943.0,11196.0,63.8,10856.0,9359.0,1498.0,340.0,3.0,6345.0,1698.0,57.3,1601.0,97.0,5.7,1263.0,733.0,62.5,687.0,45.0,6.2,440.0,165070.0,62.1,158692.0,131175.0,27516.0,6378.0,5171.0,1208.0,3.9,3.8,4.2,100892.0
2023-02-01,166358.0,62.5,160395.0,60.3,133351.0,26991.0,5962.0,3.6,11.1,3.3,3.3,3.2,5.8,3.4,5.5,5.9,3.6,3.3,2.0,2272.0,1841.0,1870.0,1056.0,19.3,8.9,2773.0,817.0,1956.0,893.0,1837.0,517.0,4063.0,99754.0,1416.0,361.0,6.8,7899.0,4.9,174.0,493.0,159922.0,64.2,154674.0,5248.0,3.3,144168.0,63.6,139923.0,4245.0,2.9,38082.0,38.4,37105.0,977.0,2.6,31542.0,67.0,29804.0,1738.0,15561.0,163990.0,63.8,157721.0,6269.0,3.8,92883.0,144419.0,63.7,139763.0,120836.0,18928.0,4655.0,3989.0,667.0,3.2,70883.0,51.0,68833.0,2049.0,2.9,68231.0,38164.0,38.5,37082.0,29182.0,7900.0,1081.0,794.0,287.0,2.8,60949.0,10974.0,19.1,10685.0,289.0,2.6,46585.0,126754.0,62.1,122285.0,100533.0,21752.0,4470.0,3.5,77364.0,21770.0,63.1,20488.0,17613.0,2875.0,1282.0,5.9,12749.0,11371.0,65.2,10982.0,9312.0,1669.0,389.0,3.4,6073.0,1739.0,55.6,1622.0,116.0,6.7,1388.0,738.0,65.8,717.0,21.0,2.8,383.0,166178.0,62.4,159713.0,132173.0,27540.0,6465.0,5276.0,1189.0,3.9,3.8,4.1,99934.0
2023-03-01,166651.0,62.6,160812.0,60.4,134366.0,26641.0,5839.0,3.5,9.8,3.4,3.1,3.3,5.0,2.9,4.7,5.0,4.0,3.0,2.0,2275.0,1746.0,1853.0,1061.0,19.5,8.4,2913.0,803.0,2109.0,840.0,1687.0,484.0,4089.0,99621.0,1316.0,357.0,6.7,7983.0,5.0,150.0,519.0,160276.0,64.3,155065.0,5211.0,3.3,144472.0,63.7,140307.0,4165.0,2.9,38272.0,38.6,37248.0,1024.0,2.7,31527.0,66.8,30047.0,1480.0,15666.0,164576.0,64.0,158731.0,5845.0,3.6,92575.0,144944.0,63.9,140518.0,121795.0,18723.0,4426.0,3781.0,645.0,3.1,71134.0,51.1,69201.0,1933.0,2.7,68068.0,38391.0,38.7,37318.0,29535.0,7783.0,1073.0,757.0,316.0,2.8,60815.0,11085.0,19.2,10789.0,296.0,2.7,46604.0,126976.0,62.2,122698.0,101294.0,21405.0,4278.0,3.4,77210.0,22062.0,63.9,20938.0,17925.0,3013.0,1124.0,5.1,12488.0,11421.0,65.1,11104.0,9377.0,1727.0,317.0,2.8,6123.0,1871.0,59.0,1730.0,141.0,7.5,1302.0,713.0,61.7,705.0,8.0,1.2,443.0,166783.0,62.6,160741.0,133453.0,27288.0,6043.0,4951.0,1092.0,3.6,3.6,3.8,99489.0
2023-04-01,166725.0,62.6,160974.0,60.4,134360.0,26698.0,5751.0,3.4,9.4,3.3,3.1,3.1,4.8,2.9,4.4,5.4,4.0,2.8,1.9,1869.0,1915.0,1851.0,1079.0,20.9,8.8,2645.0,741.0,1904.0,787.0,1786.0,546.0,3888.0,99719.0,1502.0,369.0,6.6,7708.0,4.8,72.0,198.0,160369.0,64.3,155218.0,5152.0,3.2,144666.0,63.7,140455.0,4210.0,2.9,38188.0,38.5,37289.0,899.0,2.4,31552.0,66.7,30153.0,1399.0,15737.0,163989.0,63.8,159048.0,4941.0,3.0,93158.0,144769.0,63.7,140856.0,122387.0,18469.0,3913.0,3445.0,469.0,2.7,71089.0,51.0,69514.0,1576.0,2.2,68207.0,38202.0,38.5,37372.0,29771.0,7600.0,831.0,624.0,206.0,2.2,61103.0,11091.0,19.2,10858.0,234.0,2.1,46736.0,126873.0,62.1,123300.0,101785.0,21514.0,3574.0,2.8,77388.0,21756.0,62.9,20809.0,17965.0,2843.0,947.0,4.4,12827.0,11319.0,64.5,11017.0,9281.0,1736.0,302.0,2.7,6238.0,1738.0,56.6,1607.0,131.0,7.5,1331.0,798.0,67.3,772.0,27.0,3.4,388.0,166221.0,62.4,161075.0,133886.0,27189.0,5146.0,4278.0,869.0,3.1,3.1,3.1,100222.0
2023-05-01,166886.0,62.6,160796.0,60.3,134452.0,26509.0,6089.0,3.6,10.3,3.4,3.4,3.3,5.7,3.0,4.0,5.7,3.9,3.2,2.1,2079.0,1869.0,2050.0,1142.0,21.2,9.0,2988.0,782.0,2206.0,768.0,1841.0,517.0,3733.0,99733.0,1519.0,412.0,6.7,7763.0,4.8,24.0,133.0,160593.0,64.4,155153.0,5440.0,3.4,144825.0,63.7,140383.0,4442.0,3.1,38257.0,38.5,37188.0,1069.0,2.8,31634.0,66.8,30354.0,1281.0,15745.0,164354.0,63.9,158887.0,5466.0,3.3,92947.0,144811.0,63.7,140734.0,122285.0,18449.0,4077.0,3526.0,551.0,2.8,71250.0,51.1,69493.0,1757.0,2.5,68150.0,38264.0,38.5,37291.0,29691.0,7600.0,973.0,717.0,256.0,2.5,61185.0,11079.0,19.1,10759.0,319.0,2.9,46930.0,127111.0,62.2,123247.0,102367.0,20879.0,3864.0,3.0,77233.0,21878.0,63.2,20662.0,17819.0,2843.0,1216.0,5.6,12735.0,11348.0,64.8,11034.0,9400.0,1634.0,315.0,2.8,6163.0,1845.0,59.9,1751.0,94.0,5.1,1234.0,725.0,65.6,692.0,32.0,4.5,380.0,166702.0,62.5,161002.0,134581.0,26421.0,5700.0,4714.0,986.0,3.4,3.4,3.6,99916.0
2023-06-01,166937.0,62.6,160979.0,60.3,134768.0,26247.0,5958.0,3.6,11.3,3.4,3.1,3.1,6.0,3.1,4.3,6.0,3.9,3.1,1.9,2082.0,1833.0,2016.0,1121.0,20.7,8.7,2801.0,791.0,2009.0,798.0,1764.0,543.0,4207.0,99864.0,1441.0,318.0,6.9,8025.0,5.0,40.0,162.0,160718.0,64.4,155463.0,5255.0,3.3,145003.0,63.7,140686.0,4316.0,3.0,38313.0,38.5,37326.0,987.0,2.6,31921.0,67.2,30557.0,1364.0,15551.0,165025.0,64.1,159108.0,5917.0,3.6,92415.0,144394.0,63.5,140110.0,122484.0,17625.0,4285.0,3705.0,580.0,3.0,70881.0,50.8,69132.0,1749.0,2.5,68627.0,38007.0,38.1,37002.0,29706.0,7296.0,1005.0,732.0,273.0,2.6,61622.0,10987.0,18.9,10649.0,338.0,3.1,47242.0,127942.0,62.6,123760.0,103412.0,20348.0,4182.0,3.3,76491.0,21886.0,63.2,20495.0,17705.0,2789.0,1392.0,6.4,12757.0,11495.0,65.7,11104.0,9603.0,1501.0,391.0,3.4,5997.0,1983.0,61.6,1852.0,131.0,6.6,1238.0,754.0,66.8,727.0,27.0,3.6,374.0,167910.0,62.9,161559.0,135860.0,25699.0,6351.0,5187.0,1164.0,3.8,3.7,4.3,98891.0
2023-07-01,167103.0,62.6,161183.0,60.4,134142.0,27203.0,5920.0,3.5,11.4,3.4,3.1,3.1,5.7,2.3,4.4,5.2,3.3,3.1,2.0,1994.0,1745.0,2156.0,1196.0,20.6,9.0,2695.0,714.0,1981.0,852.0,1849.0,524.0,4004.0,99899.0,1415.0,339.0,6.7,8161.0,5.1,53.0,153.0,160930.0,64.4,155716.0,5214.0,3.2,145209.0,63.8,141150.0,4058.0,2.8,38548.0,38.7,37667.0,881.0,2.3,32011.0,67.3,30616.0,1395.0,15558.0,165440.0,64.2,159443.0,5997.0,3.6,92398.0,144672.0,63.5,140359.0,122318.0,18041.0,4313.0,3676.0,637.0,3.0,70945.0,50.8,69189.0,1755.0,2.5,68681.0,38375.0,38.5,37418.0,29896.0,7522.0,957.0,689.0,268.0,2.5,61336.0,11235.0,19.3,10919.0,316.0,2.8,47101.0,128184.0,62.7,123917.0,103120.0,20797.0,4267.0,3.3,76352.0,21993.0,63.4,20596.0,17787.0,2810.0,1396.0,6.3,12686.0,11636.0,66.1,11343.0,9631.0,1711.0,294.0,2.5,5964.0,1903.0,61.2,1776.0,128.0,6.7,1207.0,771.0,67.6,728.0,43.0,5.5,370.0,168354.0,63.1,161982.0,135494.0,26488.0,6372.0,5113.0,1259.0,3.8,3.6,4.5,98649.0
2023-08-01,167759.0,62.8,161475.0,60.4,134335.0,27188.0,6284.0,3.7,12.2,3.6,3.2,3.4,5.3,3.1,4.8,5.3,3.9,3.1,2.2,2198.0,1931.0,2290.0,1369.0,20.4,8.8,2943.0,815.0,2128.0,802.0,1922.0,579.0,4209.0,99455.0,1552.0,395.0,7.1,8061.0,5.0,5.0,185.0,161350.0,64.5,155847.0,5503.0,3.4,145459.0,63.8,141077.0,4382.0,3.0,38613.0,38.7,37575.0,1038.0,2.7,31976.0,67.1,30446.0,1530.0,15695.0,165393.0,64.1,159065.0,6328.0,3.8,92771.0,145231.0,63.7,140593.0,122534.0,18060.0,4638.0,3900.0,738.0,3.2,71388.0,51.1,69409.0,1980.0,2.8,68386.0,38557.0,38.6,37461.0,29865.0,7596.0,1096.0,736.0,360.0,2.8,61267.0,11263.0,19.3,10833.0,429.0,3.8,47202.0,128092.0,62.6,123531.0,103187.0,20344.0,4561.0,3.6,76553.0,21837.0,62.9,20613.0,17774.0,2839.0,1224.0,5.6,12878.0,11552.0,66.0,11176.0,9602.0,1574.0,376.0,3.3,5963.0,1879.0,60.7,1724.0,155.0,8.3,1217.0,702.0,66.1,662.0,40.0,5.7,360.0,168049.0,62.9,161427.0,135445.0,25982.0,6623.0,5289.0,1334.0,3.9,3.8,4.9,99164.0
2023-09-01,167767.0,62.7,161442.0,60.4,134057.0,27336.0,6326.0,3.8,11.6,3.8,3.1,3.4,5.7,2.8,4.6,5.4,4.2,3.0,2.2,2066.0,2056.0,2282.0,1242.0,21.4,9.0,2878.0,809.0,2069.0,796.0,2036.0,578.0,4070.0,99660.0,1435.0,368.0,7.0,8152.0,5.0,19.0,144.0,161454.0,64.5,155861.0,5593.0,3.5,145623.0,63.9,141173.0,4450.0,3.1,38687.0,38.7,37658.0,1029.0,2.7,32127.0,67.2,30649.0,1478.0,15647.0,165311.0,64.0,159535.0,5776.0,3.5,92907.0,146006.0,64.0,141780.0,122896.0,18883.0,4226.0,3636.0,590.0,2.9,71969.0,51.4,70148.0,1821.0,2.5,67955.0,38903.0,38.9,37949.0,29944.0,8004.0,954.0,695.0,260.0,2.5,61057.0,11419.0,19.5,11129.0,290.0,2.5,47211.0,127706.0,62.4,123547.0,102445.0,21102.0,4160.0,3.3,77049.0,21808.0,62.8,20622.0,17507.0,3116.0,1186.0,5.4,12943.0,11611.0,65.8,11288.0,9609.0,1679.0,323.0,2.8,6023.0,1721.0,61.7,1603.0,118.0,6.9,1068.0,687.0,68.0,669.0,18.0,2.6,324.0,167718.0,62.7,161669.0,134560.0,27109.0,6049.0,4810.0,1238.0,3.6,3.5,4.4,99710.0
2023-10-01,167690.0,62.7,161211.0,60.2,134427.0,26728.0,6479.0,3.9,13.1,3.7,3.2,3.5,5.9,3.1,4.8,5.7,4.1,3.1,2.1,2285.0,1835.0,2362.0,1331.0,21.5,8.5,3086.0,882.0,2205.0,801.0,1867.0,635.0,4291.0,99952.0,1415.0,427.0,7.2,8367.0,5.2,14.0,129.0,161102.0,64.3,155489.0,5613.0,3.5,145402.0,63.7,140896.0,4505.0,3.1,38607.0,38.6,37547.0,1060.0,2.7,32085.0,67.0,30553.0,1531.0,15793.0,165280.0,64.0,159514.0,5766.0,3.5,93026.0,145792.0,63.9,141562.0,123003.0,18559.0,4230.0,3608.0,622.0,2.9,71700.0,51.2,69997.0,1703.0,2.4,68374.0,38800.0,38.8,37821.0,30155.0,7666.0,979.0,739.0,241.0,2.5,61304.0,11334.0,19.3,11045.0,289.0,2.6,47472.0,127686.0,62.3,123623.0,102629.0,20994.0,4063.0,3.2,77181.0,21996.0,63.2,20716.0,17714.0,3002.0,1281.0,5.8,12792.0,11443.0,65.0,11094.0,9418.0,1676.0,349.0,3.1,6150.0,1723.0,59.5,1608.0,115.0,6.7,1174.0,706.0,67.6,665.0,41.0,5.8,339.0,167774.0,62.7,161676.0,134824.0,26853.0,6098.0,4856.0,1242.0,3.6,3.5,4.4,99868.0
2023-11-01,168140.0,62.8,161886.0,60.4,134712.0,27099.0,6254.0,3.7,11.4,3.7,3.1,3.3,5.8,3.5,4.5,6.4,4.1,2.8,2.1,2075.0,2061.0,2145.0,1170.0,19.4,8.8,3062.0,908.0,2154.0,819.0,1770.0,567.0,4015.0,99682.0,1583.0,428.0,7.0,8328.0,5.1,63.0,131.0,161640.0,64.5,156124.0,5515.0,3.4,145775.0,63.8,141280.0,4495.0,3.1,38885.0,38.8,37750.0,1136.0,2.9,32150.0,67.0,30689.0,1461.0,15824.0,165536.0,64.0,159977.0,5559.0,3.4,92987.0,146048.0,63.9,141851.0,122806.0,19045.0,4197.0,3625.0,572.0,2.9,71941.0,51.3,70065.0,1876.0,2.6,68256.0,39022.0,38.9,37921.0,30112.0,7809.0,1101.0,843.0,258.0,2.8,61184.0,11532.0,19.6,11183.0,349.0,3.0,47404.0,127720.0,62.3,123849.0,102659.0,21190.0,3871.0,3.0,77229.0,22149.0,63.6,20924.0,17583.0,3341.0,1225.0,5.5,12672.0,11494.0,64.7,11096.0,9372.0,1724.0,398.0,3.5,6275.0,1720.0,58.5,1616.0,105.0,6.1,1220.0,683.0,67.9,664.0,19.0,2.8,322.0,167977.0,62.7,162149.0,134634.0,27515.0,5827.0,4768.0,1060.0,3.5,3.4,3.7,99845.0
2023-12-01,167439.0,62.5,161124.0,60.1,133076.0,27810.0,6315.0,3.8,11.9,3.6,3.3,3.5,5.2,3.1,5.0,6.1,4.2,3.1,2.1,2204.0,1794.0,2345.0,1273.0,22.2,9.6,3073.0,909.0,2164.0,829.0,1770.0,624.0,4220.0,100552.0,1564.0,340.0,7.2,8566.0,5.3,87.0,159.0,161054.0,64.2,155497.0,5557.0,3.5,145309.0,63.6,140714.0,4595.0,3.2,38561.0,38.4,37477.0,1084.0,2.8,32090.0,66.8,30486.0,1604.0,15978.0,164298.0,63.5,158663.0,5635.0,3.4,94297.0,145137.0,63.5,140739.0,121114.0,19624.0,4398.0,3856.0,541.0,3.0,71151.0,50.7,69285.0,1866.0,2.6,69163.0,38499.0,38.4,37474.0,29488.0,7986.0,1025.0,739.0,286.0,2.7,61828.0,11361.0,19.2,11038.0,323.0,2.8,47725.0,126748.0,61.8,122552.0,100788.0,21764.0,4196.0,3.3,78274.0,21955.0,63.0,20896.0,17445.0,3450.0,1059.0,4.8,12898.0,11384.0,63.6,11054.0,9260.0,1795.0,330.0,2.9,6511.0,1802.0,59.1,1695.0,107.0,5.9,1247.0,710.0,65.3,678.0,32.0,4.5,377.0,166661.0,62.2,160754.0,132585.0,28169.0,5907.0,4928.0,978.0,3.5,3.6,3.4,101330.0
2024-01-01,167339.0,62.5,161190.0,60.2,133201.0,27890.0,6149.0,3.7,10.6,3.6,3.2,3.4,5.3,2.9,5.0,6.0,4.3,3.3,2.1,2143.0,1852.0,2149.0,1272.0,20.8,9.6,3030.0,862.0,2168.0,793.0,1857.0,558.0,4418.0,100201.0,1647.0,446.0,7.2,8268.0,5.1,553.0,1794.0,160952.0,64.4,155480.0,5472.0,3.4,145639.0,63.7,141030.0,4609.0,3.2,38609.0,38.5,37504.0,1105.0,2.9,32335.0,66.9,30729.0,1605.0,16029.0,164132.0,63.6,157579.0,6553.0,4.0,94075.0,145340.0,63.5,140221.0,120413.0,19808.0,5119.0,4379.0,741.0,3.5,71327.0,50.8,69094.0,2233.0,3.1,69019.0,38445.0,38.3,37230.0,29186.0,8044.0,1215.0,913.0,302.0,3.2,61851.0,11263.0,19.1,10815.0,448.0,4.0,47645.0,126338.0,61.7,121515.0,99696.0,21819.0,4823.0,3.8,78270.0,21904.0,62.9,20703.0,17460.0,3243.0,1201.0,5.5,12909.0,11495.0,64.1,11146.0,9387.0,1759.0,349.0,3.0,6435.0,1878.0,60.0,1752.0,127.0,6.7,1250.0,833.0,72.3,785.0,48.0,5.8,320.0,166428.0,62.2,159650.0,131549.0,28101.0,6778.0,5444.0,1334.0,4.1,4.0,4.5,101113.0
2024-02-01,167475.0,62.6,161013.0,60.1,133021.0,27922.0,6462.0,3.9,12.6,3.5,3.5,3.4,5.6,3.4,5.1,6.2,4.2,3.2,2.2,2339.0,1942.0,2183.0,1213.0,20.9,9.3,3214.0,824.0,2390.0,712.0,1964.0,631.0,4370.0,100237.0,1554.0,423.0,7.3,8264.0,5.1,216.0,633.0,161049.0,64.4,155395.0,5654.0,3.5,145948.0,63.8,141294.0,4654.0,3.2,38677.0,38.5,37595.0,1082.0,2.8,32530.0,67.1,30876.0,1654.0,15937.0,165198.0,63.9,158482.0,6716.0,4.1,93313.0,146205.0,63.9,141131.0,120957.0,20175.0,5074.0,4431.0,643.0,3.5,71579.0,51.0,69423.0,2156.0,3.0,68861.0,38754.0,38.6,37567.0,29287.0,8280.0,1187.0,906.0,281.0,3.1,61646.0,11438.0,19.4,11072.0,366.0,3.2,47614.0,126960.0,62.0,122180.0,99670.0,22510.0,4779.0,3.8,77717.0,22084.0,63.4,20810.0,17793.0,3017.0,1274.0,5.8,12765.0,11479.0,64.5,11084.0,9400.0,1684.0,395.0,3.4,6305.0,1913.0,60.3,1788.0,125.0,6.6,1261.0,689.0,66.0,645.0,43.0,6.3,355.0,167285.0,62.5,160315.0,131815.0,28501.0,6970.0,5780.0,1191.0,4.2,4.2,4.0,100426.0
2024-03-01,167922.0,62.7,161425.0,60.3,132989.0,28576.0,6497.0,3.9,12.6,3.4,3.6,3.4,6.4,2.6,4.5,5.0,4.1,3.4,2.2,2206.0,1977.0,2234.0,1254.0,21.6,9.5,3053.0,784.0,2269.0,823.0,1938.0,674.0,4305.0,99963.0,1590.0,341.0,7.3,8474.0,5.2,167.0,323.0,161218.0,64.4,155564.0,5654.0,3.5,145920.0,63.7,141425.0,4495.0,3.1,38825.0,38.6,37803.0,1022.0,2.6,32467.0,66.9,31006.0,1461.0,16098.0,165705.0,64.1,159411.0,6294.0,3.8,93000.0,146385.0,63.9,141641.0,120952.0,20689.0,4745.0,3995.0,750.0,3.2,71871.0,51.1,69760.0,2111.0,2.9,68666.0,38945.0,38.7,37875.0,29494.0,8381.0,1070.0,797.0,273.0,2.7,61597.0,11501.0,19.4,11164.0,337.0,2.9,47738.0,127640.0,62.3,123175.0,100174.0,23001.0,4465.0,3.5,77112.0,22124.0,63.4,20689.0,17419.0,3270.0,1435.0,6.5,12759.0,11442.0,64.3,11157.0,9332.0,1826.0,285.0,2.5,6339.0,1933.0,61.1,1857.0,75.0,3.9,1232.0,649.0,63.4,620.0,29.0,4.5,374.0,167960.0,62.7,161356.0,132070.0,29287.0,6604.0,5259.0,1345.0,3.9,3.8,4.4,99924.0
2024-04-01,167988.0,62.7,161495.0,60.2,133817.0,27728.0,6492.0,3.9,11.8,3.6,3.5,3.5,5.6,2.9,4.8,6.0,4.0,3.3,2.2,2273.0,1990.0,2131.0,1253.0,20.0,8.9,3225.0,860.0,2365.0,785.0,1949.0,581.0,4463.0,100078.0,1560.0,364.0,7.4,8385.0,5.2,55.0,311.0,161373.0,64.4,155662.0,5711.0,3.5,145949.0,63.7,141310.0,4640.0,3.2,38669.0,38.4,37509.0,1161.0,3.0,32767.0,67.3,31179.0,1588.0,15900.0,165268.0,63.8,159641.0,5627.0,3.4,93681.0,146048.0,63.7,141709.0,121993.0,19716.0,4339.0,3780.0,559.0,3.0,71638.0,50.9,69658.0,1980.0,2.8,69000.0,38682.0,38.4,37589.0,29616.0,7973.0,1093.0,892.0,201.0,2.8,61961.0,11436.0,19.3,11117.0,319.0,2.8,47936.0,127369.0,62.2,123298.0,101033.0,22265.0,4071.0,3.2,77463.0,22021.0,63.1,20892.0,17923.0,2969.0,1128.0,5.1,12897.0,11485.0,64.5,11182.0,9371.0,1812.0,302.0,2.6,6331.0,1863.0,59.3,1776.0,87.0,4.7,1277.0,716.0,63.1,670.0,47.0,6.5,418.0,167484.0,62.5,161590.0,133351.0,28239.0,5894.0,4801.0,1093.0,3.5,3.5,3.7,100582.0
2024-05-01,167799.0,62.6,161164.0,60.1,133296.0,28031.0,6635.0,4.0,12.4,3.8,3.4,3.5,6.1,3.1,5.0,5.9,4.3,3.1,2.1,2309.0,1922.0,2312.0,1348.0,21.2,9.0,3213.0,836.0,2378.0,720.0,2060.0,646.0,4415.0,100449.0,1523.0,459.0,7.4,8402.0,5.2,53.0,321.0,161111.0,64.3,155303.0,5808.0,3.6,145999.0,63.7,141388.0,4611.0,3.2,38533.0,38.2,37484.0,1049.0,2.7,32806.0,67.3,31176.0,1631.0,15958.0,165209.0,63.8,159301.0,5908.0,3.6,93901.0,145970.0,63.7,141730.0,121825.0,19906.0,4239.0,3697.0,543.0,2.9,71453.0,50.8,69756.0,1698.0,2.4,69299.0,38535.0,38.2,37582.0,29380.0,8202.0,952.0,755.0,197.0,2.5,62225.0,11491.0,19.3,11201.0,290.0,2.5,48019.0,127207.0,62.1,123061.0,101167.0,21894.0,4145.0,3.3,77711.0,21999.0,62.9,20672.0,17607.0,3065.0,1327.0,6.0,12950.0,11734.0,65.2,11395.0,9650.0,1745.0,339.0,2.9,6259.0,1837.0,59.4,1726.0,112.0,6.1,1254.0,719.0,63.0,691.0,28.0,4.0,422.0,167576.0,62.5,161341.0,133402.0,27939.0,6235.0,5174.0,1061.0,3.7,3.7,3.7,100672.0
2024-06-01,168005.0,62.6,161155.0,60.0,133209.0,28071.0,6849.0,4.1,12.3,3.8,3.7,3.5,6.3,4.1,4.9,6.0,4.2,3.4,2.4,2130.0,2108.0,2599.0,1533.0,20.7,9.8,3187.0,817.0,2370.0,754.0,2103.0,701.0,4225.0,100434.0,1511.0,369.0,7.4,8346.0,5.2,59.0,197.0,161478.0,64.4,155428.0,6049.0,3.7,146251.0,63.7,141371.0,4880.0,3.3,38602.0,38.3,37517.0,1085.0,2.8,32988.0,67.5,31360.0,1628.0,15876.0,166008.0,64.1,159272.0,6736.0,4.1,93120.0,145625.0,63.5,140784.0,121781.0,19003.0,4841.0,4216.0,624.0,3.3,71107.0,50.5,69168.0,1939.0,2.7,69763.0,38287.0,38.0,37185.0,29395.0,7790.0,1103.0,895.0,208.0,2.9,62570.0,11422.0,19.2,11099.0,323.0,2.8,48207.0,128224.0,62.5,123477.0,101759.0,21717.0,4747.0,3.7,76786.0,22126.0,63.3,20654.0,17758.0,2895.0,1472.0,6.7,12856.0,11955.0,66.2,11428.0,9732.0,1695.0,527.0,4.4,6097.0,1884.0,61.8,1746.0,138.0,7.3,1162.0,791.0,61.9,752.0,39.0,4.9,487.0,169007.0,63.0,161774.0,134301.0,27472.0,7233.0,5942.0,1291.0,4.3,4.2,4.5,99431.0
2024-07-01,168315.0,62.7,161219.0,60.0,133648.0,27740.0,7097.0,4.2,12.6,4.0,3.8,3.8,6.3,3.7,5.3,6.7,4.6,3.5,2.3,2348.0,2162.0,2620.0,1543.0,20.6,9.5,3545.0,1109.0,2436.0,855.0,2161.0,648.0,4564.0,100329.0,1571.0,408.0,7.8,8475.0,5.3,436.0,1079.0,161945.0,64.5,155649.0,6296.0,3.9,146696.0,63.9,141572.0,5124.0,3.5,38682.0,38.3,37484.0,1198.0,3.1,32951.0,67.3,31200.0,1751.0,16015.0,166725.0,64.3,159428.0,7297.0,4.4,92616.0,146157.0,63.6,140778.0,122303.0,18475.0,5379.0,4528.0,850.0,3.7,71585.0,50.8,69303.0,2282.0,3.2,69412.0,38505.0,38.1,37231.0,29699.0,7532.0,1274.0,875.0,399.0,3.3,62481.0,11711.0,19.6,11223.0,488.0,4.2,48073.0,128804.0,62.8,123595.0,102463.0,21132.0,5209.0,4.0,76311.0,22346.0,63.8,20819.0,17873.0,2947.0,1526.0,6.8,12671.0,11924.0,66.4,11466.0,9786.0,1680.0,459.0,3.8,6047.0,1866.0,59.2,1682.0,184.0,9.8,1288.0,802.0,65.5,766.0,36.0,4.5,422.0,169723.0,63.2,162038.0,135036.0,27002.0,7685.0,6217.0,1469.0,4.5,4.4,5.2,98921.0
2024-08-01,168496.0,62.7,161425.0,60.0,133332.0,28222.0,7071.0,4.2,14.2,3.9,3.7,3.8,6.1,4.1,5.4,7.0,4.0,3.5,2.5,2465.0,2029.0,2698.0,1545.0,21.0,9.5,3321.0,865.0,2456.0,845.0,2133.0,708.0,4822.0,100360.0,1412.0,373.0,7.8,8537.0,5.3,24.0,124.0,162215.0,64.6,156034.0,6180.0,3.8,146926.0,63.9,141942.0,4984.0,3.4,38966.0,38.5,37814.0,1152.0,3.0,33252.0,67.8,31448.0,1803.0,15819.0,166112.0,64.0,159074.0,7038.0,4.2,93298.0,146709.0,63.8,141470.0,122676.0,18795.0,5239.0,4469.0,770.0,3.6,72070.0,51.1,69919.0,2151.0,3.0,69087.0,38923.0,38.5,37713.0,29880.0,7833.0,1210.0,872.0,338.0,3.1,62203.0,11866.0,19.8,11475.0,390.0,3.3,48086.0,128107.0,62.4,123013.0,102033.0,20980.0,5094.0,4.0,77115.0,22045.0,62.9,20618.0,17522.0,3096.0,1427.0,6.5,13009.0,11817.0,65.7,11309.0,9732.0,1577.0,508.0,4.3,6156.0,2028.0,62.6,1910.0,118.0,5.8,1210.0,775.0,64.8,753.0,22.0,2.9,420.0,168763.0,62.8,161348.0,134396.0,26953.0,7415.0,5971.0,1444.0,4.4,4.3,5.1,100092.0
2024-09-01,168703.0,62.7,161802.0,60.1,133627.0,28128.0,6901.0,4.1,14.2,3.8,3.6,3.7,5.7,4.1,5.1,6.8,4.0,3.4,2.3,2139.0,1987.0,2747.0,1614.0,22.6,9.9,3233.0,885.0,2348.0,819.0,2051.0,656.0,4624.0,100377.0,1610.0,448.0,7.7,8653.0,5.3,52.0,434.0,162152.0,64.5,156180.0,5971.0,3.7,146885.0,63.9,142089.0,4796.0,3.3,39031.0,38.5,37918.0,1113.0,2.9,33129.0,67.4,31441.0,1688.0,16051.0,166024.0,64.0,159829.0,6195.0,3.7,93514.0,147280.0,64.0,142713.0,123026.0,19688.0,4566.0,3954.0,613.0,3.1,72392.0,51.2,70513.0,1879.0,2.6,68931.0,39257.0,38.8,38220.0,30098.0,8122.0,1037.0,797.0,239.0,2.6,62009.0,11999.0,20.0,11688.0,312.0,2.6,48109.0,128149.0,62.4,123659.0,101792.0,21867.0,4490.0,3.5,77189.0,21974.0,62.6,20780.0,17695.0,3085.0,1194.0,5.4,13118.0,11682.0,65.3,11206.0,9502.0,1704.0,476.0,4.1,6220.0,1934.0,61.2,1842.0,93.0,4.8,1229.0,789.0,65.5,758.0,31.0,4.0,416.0,168569.0,62.6,162046.0,134145.0,27901.0,6524.0,5271.0,1253.0,3.9,3.8,4.3,100511.0
2024-10-01,168428.0,62.5,161456.0,60.0,133471.0,27922.0,6972.0,4.1,13.7,3.9,3.6,3.8,5.7,3.9,5.1,6.6,4.0,3.4,2.5,2109.0,2082.0,2839.0,1608.0,22.9,10.1,3363.0,820.0,2543.0,802.0,2151.0,608.0,4565.0,100861.0,1575.0,385.0,7.7,8308.0,5.1,512.0,1409.0,162107.0,64.4,156003.0,6104.0,3.8,146695.0,63.7,141757.0,4937.0,3.4,39123.0,38.6,37965.0,1158.0,3.0,33003.0,67.0,31315.0,1688.0,16283.0,166338.0,64.0,159947.0,6391.0,3.8,93615.0,147084.0,63.9,142427.0,122865.0,19562.0,4657.0,4090.0,567.0,3.2,72303.0,51.1,70374.0,1929.0,2.7,69179.0,39319.0,38.8,38243.0,30148.0,8095.0,1077.0,842.0,235.0,2.7,62085.0,12146.0,20.2,11804.0,342.0,2.8,48123.0,127820.0,62.2,123318.0,101570.0,21748.0,4503.0,3.5,77624.0,22178.0,63.1,20920.0,17716.0,3204.0,1258.0,5.7,12950.0,11808.0,65.2,11344.0,9557.0,1787.0,464.0,3.9,6299.0,1849.0,62.2,1716.0,133.0,7.2,1123.0,742.0,63.7,725.0,17.0,2.3,423.0,168569.0,62.6,161938.0,133887.0,28051.0,6631.0,5413.0,1217.0,3.9,3.9,4.2,100720.0
2024-11-01,168304.0,62.5,161183.0,59.8,133423.0,27671.0,7121.0,4.2,13.1,3.9,3.9,3.8,6.4,3.8,5.3,6.0,4.6,3.6,2.5,2208.0,2063.0,2890.0,1654.0,23.6,10.5,3394.0,787.0,2607.0,854.0,2182.0,690.0,4469.0,101159.0,1572.0,401.0,7.7,8577.0,5.3,56.0,332.0,161901.0,64.3,155621.0,6280.0,3.9,146548.0,63.6,141409.0,5139.0,3.5,38975.0,38.4,37794.0,1180.0,3.0,33039.0,66.9,31297.0,1743.0,16345.0,165999.0,63.8,159596.0,6404.0,3.9,94160.0,146820.0,63.7,141979.0,122342.0,19637.0,4841.0,4145.0,696.0,3.3,71971.0,50.8,69972.0,1999.0,2.8,69641.0,39111.0,38.5,37966.0,29639.0,8326.0,1146.0,828.0,318.0,2.9,62436.0,11803.0,19.5,11430.0,373.0,3.2,48638.0,127617.0,62.1,123117.0,101301.0,21817.0,4500.0,3.5,77904.0,21938.0,62.4,20588.0,17390.0,3198.0,1350.0,6.2,13223.0,11724.0,64.4,11288.0,9467.0,1822.0,436.0,3.7,6489.0,1816.0,62.5,1665.0,151.0,8.3,1091.0,752.0,64.7,732.0,20.0,2.7,410.0,168164.0,62.4,161456.0,133364.0,28092.0,6708.0,5383.0,1325.0,4.0,3.9,4.5,101299.0
2024-12-01,168547.0,62.5,161661.0,60.0,133510.0,27918.0,6886.0,4.1,12.4,3.7,3.8,3.6,6.1,3.5,5.1,5.6,4.3,3.5,2.4,2156.0,1997.0,2758.0,1551.0,23.7,10.4,3251.0,862.0,2389.0,947.0,2031.0,655.0,4358.0,101091.0,1562.0,480.0,7.5,8478.0,5.2,102.0,298.0,161940.0,64.3,155875.0,6065.0,3.7,146500.0,63.5,141547.0,4953.0,3.4,38980.0,38.3,37781.0,1199.0,3.1,33415.0,67.5,31702.0,1713.0,16068.0,165564.0,63.6,159367.0,6197.0,3.7,94634.0,146319.0,63.5,141564.0,121917.0,19646.0,4755.0,4160.0,595.0,3.2,71628.0,50.5,69699.0,1930.0,2.7,70114.0,38912.0,38.3,37772.0,29693.0,8079.0,1140.0,842.0,298.0,2.9,62749.0,11601.0,19.2,11220.0,381.0,3.3,48969.0,127352.0,61.9,122986.0,100973.0,22013.0,4366.0,3.4,78245.0,21822.0,62.0,20593.0,17453.0,3140.0,1229.0,5.6,13372.0,11626.0,64.0,11242.0,9413.0,1830.0,383.0,3.3,6548.0,2017.0,63.1,1875.0,141.0,7.0,1177.0,681.0,63.2,652.0,29.0,4.3,396.0,167746.0,62.2,161294.0,133014.0,28280.0,6452.0,5297.0,1155.0,3.8,3.8,3.9,101892.0
2025-01-01,170744.0,62.6,163895.0,60.1,135896.0,27901.0,6849.0,4.0,11.8,3.7,3.7,3.5,6.2,3.7,4.8,5.2,4.5,3.5,2.3,2290.0,1935.0,2604.0,1443.0,22.0,10.4,3235.0,835.0,2400.0,912.0,2124.0,659.0,4477.0,101941.0,1590.0,592.0,7.5,8764.0,5.3,573.0,1175.0,164270.0,64.5,158183.0,6087.0,3.7,148483.0,63.7,143606.0,4877.0,3.3,39253.0,38.4,38068.0,1185.0,3.0,33997.0,66.8,32373.0,1623.0,16873.0,167745.0,63.8,160550.0,7195.0,4.3,95288.0,148214.0,63.6,142843.0,123317.0,19526.0,5371.0,4691.0,680.0,3.6,72284.0,50.7,70002.0,2282.0,3.2,70167.0,39123.0,38.3,37829.0,29756.0,8073.0,1294.0,987.0,307.0,3.3,63020.0,11530.0,18.9,11103.0,427.0,3.7,49375.0,128282.0,61.9,123231.0,101305.0,21926.0,5051.0,3.9,78806.0,22131.0,62.1,20704.0,17584.0,3120.0,1427.0,6.4,13489.0,12283.0,64.3,11815.0,10054.0,1762.0,467.0,3.8,6828.0,2116.0,61.6,1956.0,160.0,7.6,1319.0,651.0,64.1,621.0,30.0,4.6,364.0,169814.0,62.3,162347.0,134234.0,28113.0,7467.0,6136.0,1331.0,4.4,4.4,4.5,102871.0
2025-02-01,170359.0,62.4,163307.0,59.9,134676.0,28511.0,7052.0,4.1,12.9,3.8,3.8,3.8,6.0,3.2,5.2,6.0,4.2,3.5,2.5,2337.0,2152.0,2486.0,1455.0,21.3,10.0,3316.0,817.0,2499.0,918.0,2208.0,662.0,4937.0,102487.0,1704.0,464.0,8.0,8860.0,5.4,404.0,1309.0,163709.0,64.2,157516.0,6194.0,3.8,148193.0,63.6,143219.0,4974.0,3.4,38950.0,38.1,37833.0,1117.0,2.9,34083.0,66.9,32301.0,1782.0,16895.0,167985.0,63.8,160754.0,7231.0,4.3,95342.0,148451.0,63.7,143049.0,122543.0,20506.0,5402.0,4696.0,706.0,3.6,72284.0,50.7,70045.0,2239.0,3.1,70283.0,39021.0,38.2,37805.0,29490.0,8315.0,1216.0,919.0,297.0,3.1,63198.0,11556.0,18.9,11140.0,416.0,3.6,49443.0,128371.0,62.0,123128.0,100238.0,22890.0,5243.0,4.1,78776.0,22256.0,62.4,20890.0,17677.0,3213.0,1366.0,6.1,13398.0,12483.0,65.4,12086.0,10319.0,1766.0,398.0,3.2,6614.0,2195.0,61.3,1980.0,215.0,9.8,1383.0,611.0,59.7,580.0,31.0,5.1,412.0,170116.0,62.3,162544.0,133372.0,29172.0,7572.0,6207.0,1364.0,4.5,4.4,4.5,102731.0
2025-03-01,170591.0,62.5,163508.0,59.9,135135.0,28467.0,7083.0,4.2,13.7,3.8,3.7,3.7,6.2,3.5,5.1,5.8,4.1,3.5,2.6,2362.0,2146.0,2501.0,1495.0,22.8,9.8,3313.0,811.0,2502.0,870.0,2176.0,739.0,4780.0,102431.0,1687.0,509.0,7.9,8936.0,5.5,87.0,233.0,163884.0,64.2,157722.0,6162.0,3.8,148158.0,63.5,143207.0,4951.0,3.3,39078.0,38.2,37928.0,1150.0,2.9,34330.0,67.2,32578.0,1752.0,16753.0,168413.0,63.9,161508.0,6905.0,4.1,95128.0,148631.0,63.7,143416.0,123332.0,20084.0,5216.0,4521.0,694.0,3.5,72420.0,50.8,70084.0,2336.0,3.2,70271.0,39197.0,38.3,37999.0,29597.0,8402.0,1198.0,957.0,241.0,3.1,63147.0,11593.0,19.0,11227.0,366.0,3.2,49564.0,128796.0,62.2,123888.0,101237.0,22651.0,4908.0,3.8,78425.0,22166.0,62.1,20787.0,17399.0,3388.0,1380.0,6.2,13520.0,12688.0,65.9,12258.0,10450.0,1808.0,430.0,3.4,6553.0,1947.0,59.4,1819.0,128.0,6.6,1332.0,676.0,63.8,639.0,37.0,5.4,383.0,170653.0,62.5,163412.0,134163.0,29248.0,7242.0,5895.0,1347.0,4.2,4.2,4.4,102369.0
2025-04-01,171135.0,62.6,163969.0,60.0,135463.0,28524.0,7166.0,4.2,13.0,4.0,3.7,3.8,6.3,3.0,5.2,6.1,4.0,3.7,2.5,2187.0,2269.0,2662.0,1675.0,23.2,10.4,3455.0,867.0,2588.0,855.0,2235.0,701.0,4690.0,102062.0,1617.0,414.0,7.8,8866.0,5.4,58.0,123.0,164550.0,64.4,158237.0,6313.0,3.8,148763.0,63.7,143737.0,5026.0,3.4,39344.0,38.4,38134.0,1210.0,3.1,34446.0,67.3,32650.0,1795.0,16745.0,168512.0,63.9,162224.0,6287.0,3.7,95309.0,148912.0,63.8,144187.0,124006.0,20181.0,4725.0,4149.0,576.0,3.2,72678.0,50.9,70569.0,2109.0,2.9,70135.0,39389.0,38.4,38244.0,29959.0,8285.0,1145.0,892.0,253.0,2.9,63130.0,11748.0,19.1,11382.0,366.0,3.1,49629.0,128801.0,62.1,124263.0,101803.0,22461.0,4537.0,3.5,78491.0,22170.0,62.1,20883.0,17454.0,3429.0,1287.0,5.8,13549.0,12655.0,65.7,12300.0,10493.0,1808.0,354.0,2.8,6617.0,1886.0,58.5,1783.0,104.0,5.5,1336.0,689.0,64.0,661.0,28.0,4.0,387.0,170650.0,62.5,164069.0,134994.0,29075.0,6582.0,5487.0,1095.0,3.9,3.9,3.6,102547.0
2025-05-01,170510.0,62.4,163273.0,59.7,134840.0,28557.0,7237.0,4.2,13.4,3.9,3.9,3.8,6.0,3.6,5.1,5.5,4.5,3.3,2.6,2451.0,2208.0,2495.0,1457.0,21.8,9.5,3457.0,874.0,2583.0,704.0,2288.0,725.0,4624.0,102875.0,1556.0,381.0,7.8,8583.0,5.3,108.0,309.0,164055.0,64.2,157683.0,6371.0,3.9,148423.0,63.5,143369.0,5053.0,3.4,39159.0,38.2,37965.0,1194.0,3.0,34452.0,67.2,32682.0,1770.0,16845.0,168067.0,63.6,161570.0,6497.0,3.9,96001.0,148380.0,63.5,143689.0,123688.0,20001.0,4691.0,4123.0,568.0,3.2,72356.0,50.6,70268.0,2087.0,2.9,70593.0,39144.0,38.1,38047.0,30018.0,8029.0,1097.0,846.0,251.0,2.8,63477.0,11635.0,18.9,11310.0,325.0,2.8,49846.0,128277.0,61.9,123650.0,101576.0,22074.0,4627.0,3.6,79100.0,22189.0,62.1,20876.0,17727.0,3149.0,1313.0,5.9,13562.0,12686.0,65.8,12250.0,10407.0,1844.0,435.0,3.4,6605.0,1849.0,58.8,1695.0,154.0,8.3,1297.0,649.0,64.1,641.0,8.0,1.3,364.0,170216.0,62.3,163401.0,134927.0,28474.0,6815.0,5618.0,1198.0,4.0,4.0,4.0,103169.0
2025-06-01,170380.0,62.3,163366.0,59.7,135277.0,28190.0,7015.0,4.1,14.4,3.9,3.6,3.6,6.8,3.5,4.8,5.8,4.0,3.2,2.5,2241.0,2131.0,2710.0,1647.0,23.0,10.1,3293.0,860.0,2433.0,825.0,2145.0,710.0,4465.0,103204.0,1790.0,637.0,7.7,8865.0,5.4,53.0,267.0,164115.0,64.2,158005.0,6110.0,3.7,148540.0,63.5,143707.0,4833.0,3.3,39047.0,38.0,37863.0,1184.0,3.0,34318.0,66.8,32686.0,1632.0,17088.0,168625.0,63.8,161660.0,6965.0,4.1,95664.0,147885.0,63.2,143106.0,123940.0,19166.0,4778.0,4105.0,673.0,3.2,71971.0,50.3,69855.0,2116.0,2.9,71119.0,38706.0,37.7,37506.0,29773.0,7733.0,1200.0,850.0,350.0,3.1,64025.0,11605.0,18.8,11193.0,412.0,3.5,49983.0,129114.0,62.2,124209.0,102923.0,21286.0,4905.0,3.8,78358.0,22317.0,62.4,20707.0,17585.0,3122.0,1610.0,7.2,13467.0,12712.0,65.9,12221.0,10477.0,1745.0,491.0,3.9,6582.0,1808.0,57.6,1683.0,124.0,6.9,1331.0,759.0,67.8,730.0,29.0,3.8,360.0,171343.0,62.6,163883.0,136347.0,27536.0,7460.0,5989.0,1470.0,4.4,4.2,5.1,102242.0
2025-07-01,170342.0,62.2,163106.0,59.6,134837.0,28437.0,7236.0,4.2,15.2,4.0,3.7,3.7,7.2,3.9,5.0,5.5,4.4,3.0,2.7,2299.0,2034.0,2993.0,1826.0,24.1,10.2,3405.0,940.0,2465.0,784.0,2180.0,985.0,4684.0,103443.0,1689.0,425.0,7.9,8342.0,5.1,66.0,133.0,164101.0,64.1,157815.0,6286.0,3.8,148561.0,63.5,143522.0,5039.0,3.4,39221.0,38.1,38097.0,1125.0,2.9,34500.0,67.0,32773.0,1727.0,17014.0,168739.0,63.8,161373.0,7366.0,4.4,95599.0,147983.0,63.2,142683.0,123673.0,19010.0,5300.0,4665.0,635.0,3.6,72069.0,50.3,69851.0,2219.0,3.1,71163.0,39028.0,37.9,37830.0,30120.0,7710.0,1198.0,870.0,328.0,3.1,63886.0,11757.0,19.0,11380.0,377.0,3.2,50042.0,129515.0,62.4,124367.0,103009.0,21357.0,5149.0,4.0,78054.0,22314.0,62.3,20543.0,17536.0,3007.0,1771.0,7.9,13504.0,12647.0,65.5,12123.0,10306.0,1817.0,524.0,4.1,6666.0,1860.0,59.4,1727.0,133.0,7.1,1274.0,627.0,61.4,610.0,17.0,2.7,394.0,171646.0,62.7,163799.0,136148.0,27651.0,7847.0,6478.0,1369.0,4.6,4.5,4.7,102140.0
