date,all_commodities,all_excluding_petroleum,all_excluding_fuels,all_excluding_food_fuels,foods_feeds_beverages,industrial_supplies,capital_goods,automotive_vehicles,consumer_goods,fuels_lubricants,crude_oil,industrial_supplies_excl_fuel,industrial_supplies_excl_petroleum,industrial_supplies_durable,unfinished_metals_durable,iron_steel_products,iron_steel_semifinished,bauxite_aluminum,copper,zinc,other_precious_metals,building_materials_excl_metals,stone_sand_cement,chemicals_fertilizers,semiconductors,consumer_durables_excl_auto,apparel_footwear_household,pharmaceutical_preparations,furniture_household_goods,household_appliances,gem_diamonds,green_coffee_cocoa_sugar,green_coffee,fish_shellfish,nonmonetary_gold,china_total,canada_total,japan_total,european_union_total,germany_total,united_kingdom_total,mexico_total,latin_america_total,france_total,industrialized_countries_total,asian_newly_industrialized_total,asean_total,asia_near_east_total,pacific_rim_total,canada_manufacturing,canada_nonmanufacturing,european_union_manufacturing,mexico_manufacturing,mexico_nonmanufacturing,latin_america_manufacturing,latin_america_nonmanufacturing,industrialized_manufacturing,industrialized_nonmanufacturing,china_manufacturing_part1,china_manufacturing_part2,china_manufacturing_part3,china_apparel_manufacturing,china_leather_manufacturing,china_footwear_manufacturing,china_chemical_manufacturing,china_plastics_rubber_manufacturing,china_plastics_manufacturing,china_fabricated_metal_manufacturing,china_cutlery_handtool_manufacturing,china_machinery_manufacturing,china_computer_electronic_manufacturing,china_communications_equipment,china_audio_video_equipment,china_measuring_instruments,china_electrical_equipment_manufacturing,china_electric_lighting_manufacturing,china_household_appliance_manufacturing,china_furniture_manufacturing,china_household_furniture_manufacturing,china_miscellaneous_manufacturing,china_other_miscellaneous_manufacturing,eu_manufacturing_part1,eu_manufacturing_part2,eu_manufacturing_part3,eu_food_manufacturing,eu_beverage_tobacco_manufacturing,eu_chemical_manufacturing,eu_pharmaceutical_manufacturing,eu_primary_metal_manufacturing,eu_fabricated_metal_manufacturing,eu_other_fabricated_metal_manufacturing,eu_machinery_manufacturing,eu_agriculture_machinery_manufacturing,eu_industrial_machinery_manufacturing,eu_other_machinery_manufacturing,eu_computer_electronic_manufacturing,eu_electrical_equipment_manufacturing,eu_transportation_equipment_manufacturing,eu_miscellaneous_manufacturing,canada_mining_oil_gas,canada_manufacturing_part1,canada_manufacturing_part2,canada_manufacturing_part3,canada_food_manufacturing,canada_paper_manufacturing,canada_chemical_manufacturing,canada_machinery_manufacturing,germany_manufacturing_part3,germany_machinery_manufacturing,germany_computer_electronic_manufacturing,japan_manufacturing_part2,japan_manufacturing_part3,japan_machinery_manufacturing,japan_computer_electronic_manufacturing,industrialized_mining_oil_gas,industrialized_manufacturing_part1,industrialized_manufacturing_part2,industrialized_food_manufacturing,industrialized_animal_processing,industrialized_beverage_tobacco,industrialized_paper_manufacturing,industrialized_chemical_manufacturing,industrialized_basic_chemical_manufacturing,industrialized_pharmaceutical_manufacturing,industrialized_plastics_rubber_manufacturing,industrialized_semiconductor_manufacturing,industrialized_motor_vehicle_manufacturing,industrialized_aerospace_manufacturing,industrialized_fabricated_metal_manufacturing,industrialized_electrical_equipment_manufacturing,industrialized_medical_equipment_manufacturing
2020-01-01,125.2,112.1,116.0,99.0,178.6,188.1,87.6,110.2,106.8,212.0,232.8,174.2,155.0,167.6,237.1,151.0,,124.9,94.9,193.6,238.2,,99.4,124.4,57.9,91.0,113.7,145.2,128.6,104.6,104.1,201.1,116.7,145.6,57.9,98.2,137.1,96.9,137.6,113.4,122.9,125.9,145.3,128.1,126.6,86.3,97.6,179.3,97.6,129.7,171.9,133.8,86.7,134.0,118.2,260.7,121.9,176.3,99.9,95.3,91.6,102.9,101.1,100.6,97.2,89.0,96.6,101.7,98.5,102.4,82.4,77.1,84.1,92.1,99.7,97.6,99.0,98.7,98.8,100.6,100.8,108.8,102.6,100.1,100.8,100.4,113.0,114.7,94.7,99.1,95.3,104.5,104.7,103.9,100.5,103.6,97.4,,98.0,88.0,107.8,88.8,93.4,108.2,99.8,79.1,104.2,100.4,104.2,104.5,87.0,95.5,92.9,92.5,84.8,111.0,95.5,110.0,133.2,100.3,97.0,105.2,87.1,117.6,92.3,96.0,101.1,101.6,90.6,116.8,94.3
2020-02-01,124.3,112.3,116.2,99.1,180.7,181.9,87.7,110.2,106.8,192.7,207.5,175.7,155.4,170.2,245.4,151.8,,123.9,86.4,185.7,285.8,,100.9,123.4,58.0,90.9,113.8,145.3,128.7,104.2,104.1,205.4,119.3,144.2,59.2,98.0,130.8,96.9,137.4,113.6,123.8,125.7,144.1,127.9,124.8,85.9,97.6,174.5,97.6,129.0,148.5,133.6,86.7,129.8,118.4,243.6,121.9,153.5,99.9,95.0,91.3,102.7,101.5,100.7,96.9,89.1,96.6,101.6,98.4,102.2,82.1,77.1,80.6,92.2,99.6,97.6,98.7,98.8,98.9,100.7,100.9,108.8,101.6,100.5,100.8,100.3,112.8,114.2,99.2,99.1,95.2,104.7,104.8,104.0,100.9,103.2,97.7,,98.0,75.2,108.4,87.5,93.1,108.9,99.8,79.2,102.9,101.2,104.3,104.5,86.4,95.6,92.9,92.6,72.9,110.6,94.5,109.3,130.3,100.4,96.6,105.3,87.0,117.6,91.8,96.0,101.1,101.7,90.6,116.8,94.3
2020-03-01,121.3,112.1,116.2,99.1,178.9,163.1,87.8,110.4,106.5,141.6,136.8,176.0,154.9,171.2,248.2,151.8,,124.6,86.9,168.6,297.7,,99.9,123.5,57.8,90.7,113.9,145.0,128.5,104.1,97.2,206.6,118.8,142.2,62.0,98.0,120.5,96.9,137.0,113.5,124.3,124.9,140.7,127.6,121.5,85.7,97.3,136.6,97.5,128.9,106.2,133.2,87.1,112.2,119.0,196.7,121.6,111.9,99.9,94.9,91.4,102.7,101.4,100.7,96.6,89.1,96.6,101.1,97.0,102.2,82.0,77.1,80.7,92.3,100.5,98.0,98.7,98.3,98.6,100.6,100.8,108.5,100.8,100.4,100.8,100.0,111.9,114.0,100.6,98.8,95.1,104.4,104.3,103.4,100.6,103.7,98.6,,96.4,51.9,106.2,88.2,92.9,106.4,99.9,79.8,102.8,101.3,104.2,104.0,86.3,95.5,92.9,92.4,50.9,109.8,94.3,108.1,126.0,100.3,97.5,104.9,85.9,117.5,91.6,95.9,101.1,101.8,90.4,117.1,94.1
2020-04-01,118.2,111.5,115.6,98.7,176.1,143.2,88.0,110.8,106.4,97.8,86.7,170.2,149.8,163.8,228.1,151.1,,117.9,74.5,157.5,236.7,,100.1,123.6,58.0,90.6,114.1,145.0,128.4,104.0,,201.1,116.6,139.8,60.8,98.1,106.3,96.7,136.1,113.5,118.3,123.9,136.9,126.4,116.3,85.1,97.5,130.0,97.6,124.2,62.5,132.3,87.7,88.2,118.7,156.3,119.7,69.0,99.9,94.5,91.5,102.7,101.4,100.8,96.4,89.0,96.5,101.0,96.9,102.0,82.5,77.1,82.2,92.4,100.4,97.9,98.2,98.6,98.6,100.3,100.5,109.0,99.3,100.2,101.2,100.5,113.5,114.1,93.5,99.0,95.2,104.6,104.0,104.0,100.9,104.4,98.9,,96.6,27.5,101.4,81.2,91.7,100.9,99.7,79.7,102.7,100.7,104.5,104.4,85.3,95.5,93.5,92.8,27.9,108.4,90.9,105.7,118.3,100.5,97.4,105.3,87.1,117.6,91.6,95.7,101.1,101.9,90.9,117.4,94.6
2020-05-01,119.0,111.6,115.7,98.7,179.2,147.6,88.1,110.7,106.4,111.4,103.1,169.3,149.3,163.4,224.8,150.8,,116.4,80.0,164.0,218.2,,100.0,120.9,57.7,90.5,114.1,144.7,128.2,104.2,97.2,204.9,118.8,135.9,64.4,98.0,108.3,96.4,135.9,112.7,119.1,125.7,139.4,126.2,116.9,85.2,97.5,133.0,97.6,124.0,71.2,132.1,88.1,105.5,118.9,183.7,119.6,77.4,99.8,94.2,91.5,102.7,101.4,100.6,95.4,88.9,96.6,100.9,96.8,102.1,82.5,77.1,82.4,92.4,100.3,97.4,98.0,98.3,98.6,100.3,100.5,107.9,99.5,99.9,100.6,98.8,113.1,114.2,90.7,98.5,94.9,104.3,103.9,103.5,100.7,104.5,99.1,,96.8,32.7,101.9,79.7,92.1,101.6,99.7,78.9,101.9,100.2,104.3,104.1,85.1,95.2,93.6,91.7,32.8,108.6,90.9,106.8,125.1,99.2,97.5,104.9,85.9,117.5,91.3,95.3,101.1,101.9,90.6,117.1,94.3
2020-06-01,120.6,111.9,116.0,99.0,178.6,157.7,88.2,110.7,106.6,134.4,137.4,171.7,151.5,166.5,232.3,151.1,,118.0,84.6,170.5,244.8,,99.5,119.4,57.3,90.5,114.3,144.9,127.7,104.4,97.2,199.0,112.2,133.7,64.8,98.0,123.2,96.7,136.5,112.7,119.2,126.8,141.4,126.8,121.6,85.8,97.3,126.2,97.7,125.4,128.0,132.7,88.5,112.8,119.5,199.9,120.2,131.4,99.6,94.6,91.6,102.5,101.3,100.5,95.1,89.7,97.9,101.1,96.8,102.2,82.5,77.2,82.3,92.4,100.3,97.4,98.1,98.3,98.5,100.3,100.5,108.0,100.1,100.3,100.4,98.9,113.0,114.6,95.0,98.5,94.8,104.4,103.9,103.8,100.9,105.4,99.2,,96.9,64.3,102.6,82.0,92.4,102.4,99.6,78.3,102.5,100.4,104.5,104.2,85.5,95.4,93.8,92.9,61.8,108.9,91.2,107.3,136.6,99.3,97.7,105.0,85.8,117.7,91.3,98.6,101.1,101.9,90.9,117.3,94.3
2020-07-01,122.1,112.1,116.2,99.2,176.9,166.8,88.2,110.6,106.8,154.8,166.8,174.1,153.2,169.9,236.9,152.5,,124.1,91.6,171.9,246.9,,98.9,117.9,56.4,90.6,114.7,145.5,127.9,104.5,97.2,206.2,119.1,134.1,67.0,98.2,127.3,96.6,137.4,112.7,119.5,127.2,143.4,128.4,122.8,86.2,97.1,150.1,97.8,127.3,139.0,133.6,88.7,114.1,120.2,213.6,120.6,142.2,99.7,96.1,91.5,102.5,101.5,100.8,95.3,93.3,102.2,101.0,96.8,102.4,82.5,77.2,82.8,92.3,100.2,97.5,98.0,98.3,98.5,99.9,100.4,108.8,101.9,100.3,101.2,99.0,114.1,115.4,95.2,99.0,95.0,104.9,104.7,105.2,101.2,105.8,99.6,,97.5,70.4,101.9,84.8,93.4,101.6,97.8,78.7,103.7,100.2,104.8,104.5,85.7,95.3,93.3,92.8,67.6,108.7,92.4,106.6,126.7,99.5,96.9,105.4,85.8,118.4,91.7,98.5,100.3,102.3,90.9,117.4,94.9
2020-08-01,123.2,113.0,117.0,99.9,178.0,172.7,88.3,110.7,107.0,160.5,171.4,180.2,158.9,179.0,256.8,153.3,,130.7,97.2,197.4,291.0,,99.6,117.3,56.1,90.8,114.8,145.4,127.8,104.4,97.8,207.3,120.2,133.6,76.2,98.3,133.7,96.6,138.0,113.3,120.0,128.5,145.2,128.8,125.8,86.4,97.5,150.2,97.9,134.1,144.7,134.2,89.5,118.5,121.4,220.8,123.4,147.8,99.5,96.7,91.5,102.5,101.5,100.9,97.1,94.4,103.9,101.4,96.4,102.0,82.4,77.2,82.7,92.3,100.2,97.4,98.1,98.4,98.5,99.9,100.4,109.6,101.9,101.0,102.2,99.1,114.4,115.2,98.7,99.3,95.4,105.3,105.0,106.2,101.5,106.3,99.8,,98.4,73.6,104.0,96.3,95.3,103.9,97.3,78.6,104.5,100.7,105.1,104.8,85.7,95.4,93.0,92.8,70.6,109.6,97.5,108.0,130.9,99.5,95.1,105.4,85.2,118.4,92.6,98.7,100.3,102.7,91.3,117.6,95.3
2020-09-01,123.4,113.7,117.6,100.4,180.0,172.8,88.4,111.0,107.0,152.9,161.9,184.9,163.9,185.9,266.9,153.6,,134.6,101.6,210.8,327.1,,99.4,120.7,56.0,90.8,114.8,145.6,127.7,104.2,98.3,210.8,122.8,134.2,73.6,98.3,133.5,96.7,139.2,114.6,121.4,128.5,144.6,129.4,125.9,86.3,97.7,149.5,98.0,136.7,135.6,135.4,89.0,126.9,120.7,221.6,124.1,139.0,99.7,97.0,91.5,102.7,101.3,100.8,97.0,95.4,105.3,101.5,96.1,101.8,82.4,77.1,82.6,92.3,100.3,97.4,98.0,97.9,98.3,100.0,100.4,111.5,102.3,102.0,103.2,99.0,114.8,115.5,105.7,99.7,95.7,106.1,106.6,107.0,102.1,106.3,100.3,,99.0,68.3,104.4,100.5,96.2,104.3,97.0,80.6,105.6,101.8,105.6,105.3,85.6,95.5,93.1,91.9,65.7,110.1,97.8,108.5,129.8,99.8,94.8,105.7,85.7,118.6,92.2,98.5,100.3,102.6,91.8,117.8,96.1
2020-10-01,123.3,113.6,117.6,100.5,179.9,172.6,88.4,111.0,106.9,151.4,161.6,185.5,163.7,186.1,266.4,153.4,,136.9,101.9,197.9,318.9,,98.8,122.3,55.7,90.7,115.0,145.2,127.9,103.7,98.3,204.2,116.1,136.7,72.0,98.2,133.3,97.0,139.2,114.4,121.8,128.2,144.0,129.4,125.6,86.2,97.8,149.8,97.9,136.2,136.2,135.4,89.0,122.4,120.8,213.8,123.7,140.0,100.2,96.9,91.3,102.5,102.1,102.0,96.2,95.7,105.7,101.4,95.9,101.6,82.3,76.9,83.3,92.0,100.3,97.5,98.1,98.0,98.3,99.5,99.8,111.3,102.7,101.8,102.7,99.1,115.1,115.5,105.4,99.2,94.9,106.1,106.9,106.9,102.0,106.0,100.7,,98.5,68.4,105.2,100.0,95.8,105.2,97.1,82.5,105.7,101.7,105.6,105.1,85.7,95.8,93.3,91.9,65.9,109.6,96.8,107.9,127.1,99.8,94.8,106.3,86.2,118.6,92.2,98.9,100.3,102.9,92.0,117.8,95.9
2020-11-01,123.4,113.6,117.4,100.4,175.9,174.9,88.4,110.9,106.9,158.1,167.9,185.1,165.1,184.8,272.9,154.6,,146.4,104.8,215.5,323.1,,98.7,124.1,55.7,90.8,114.8,145.1,128.1,103.7,98.3,204.0,116.9,136.5,72.4,98.3,132.9,97.0,138.8,114.4,121.8,127.0,143.9,129.4,125.4,85.9,98.2,151.6,98.0,134.1,140.6,135.0,89.0,107.6,121.1,208.2,123.0,144.3,99.9,97.8,91.4,102.4,101.1,100.6,96.9,97.6,108.4,101.6,95.9,101.6,82.3,76.9,84.1,92.0,100.5,97.6,98.2,98.0,98.4,99.3,99.6,110.4,102.1,101.7,101.8,99.0,115.1,115.4,106.8,99.4,95.2,106.2,106.9,106.9,102.1,106.0,100.9,,98.5,70.9,107.9,92.9,96.5,108.9,97.2,82.8,105.9,101.8,105.6,105.0,85.7,95.9,93.4,91.5,68.3,109.8,94.7,108.6,127.5,99.5,95.0,106.3,86.3,118.6,92.1,98.5,100.4,103.0,92.0,117.5,95.8
2020-12-01,124.6,114.1,117.9,100.9,176.2,181.9,88.4,110.9,107.0,169.6,185.9,189.4,168.4,189.8,285.6,158.1,,156.3,117.2,231.1,348.0,,100.0,130.4,55.9,90.9,114.9,145.2,128.4,103.7,99.2,209.9,121.5,137.9,68.6,98.7,138.2,97.2,139.9,115.0,123.6,127.2,145.4,130.0,127.6,86.4,98.8,158.1,98.3,136.2,155.4,136.1,88.8,113.6,121.6,220.5,124.1,159.0,100.1,99.4,91.6,102.4,101.6,101.1,99.9,98.3,109.1,101.9,96.0,101.5,82.6,76.9,84.5,92.0,100.7,97.9,98.2,98.3,98.7,99.3,99.6,110.2,103.3,102.5,102.2,99.6,115.6,115.6,112.3,99.4,95.2,106.2,106.9,107.2,101.8,106.1,101.0,,98.2,78.9,110.5,95.2,97.3,112.0,97.4,83.9,106.1,102.4,105.7,105.2,86.0,96.0,93.7,91.4,76.0,110.3,95.9,109.5,127.8,99.6,95.1,106.9,88.0,118.7,91.9,98.1,100.4,104.6,92.1,117.2,95.9
2021-01-01,126.5,115.1,119.0,101.7,179.4,192.5,88.6,111.4,107.0,184.9,205.5,197.6,175.2,200.7,304.9,162.2,,162.7,123.0,235.1,375.4,,100.5,135.2,56.2,91.3,114.9,143.2,129.0,103.2,99.2,208.9,121.1,141.6,72.6,99.1,145.6,97.5,141.0,116.2,125.5,128.2,147.1,129.8,130.5,87.2,99.2,169.1,98.7,142.5,165.3,137.1,89.2,119.9,122.4,232.8,126.2,168.9,100.2,100.1,91.9,102.4,101.4,101.0,101.1,98.9,109.8,102.8,96.9,102.5,82.8,76.9,84.7,91.7,100.7,97.8,98.6,99.2,99.7,99.1,99.4,111.2,103.4,103.7,103.6,99.9,115.1,114.4,116.1,100.3,96.2,106.8,107.8,107.7,102.4,106.6,100.0,,99.7,84.2,111.0,107.0,98.8,112.6,97.6,87.2,106.7,103.5,106.3,106.5,87.2,96.1,93.9,91.2,81.0,110.8,98.9,110.4,129.2,99.4,95.1,106.9,90.7,117.5,93.0,98.1,101.4,106.0,92.5,117.1,96.5
2021-02-01,128.0,115.7,119.5,102.1,181.8,201.6,88.7,111.5,107.0,205.1,230.3,200.6,178.8,203.4,310.2,166.6,,163.1,120.8,216.7,387.9,,100.2,144.3,56.4,91.1,114.9,143.3,129.2,103.2,99.2,208.6,120.7,139.6,69.0,99.4,151.1,97.6,142.3,116.8,127.2,129.2,148.9,133.0,132.7,88.1,98.9,174.2,99.0,144.6,185.1,138.1,89.3,132.0,122.9,248.8,127.3,188.3,100.2,100.9,92.2,102.5,101.5,101.0,102.4,100.1,110.1,104.4,97.8,102.6,82.9,76.9,84.7,91.4,101.1,98.1,98.7,99.3,99.9,99.1,99.4,112.9,104.4,104.2,104.0,103.9,115.4,114.7,118.3,100.5,96.4,108.1,108.5,107.8,105.9,106.8,100.6,,99.6,95.3,112.7,110.0,99.5,114.4,98.2,89.9,106.9,103.8,106.4,106.4,87.7,96.1,93.8,91.1,91.8,112.8,100.2,112.7,135.6,102.2,95.6,107.6,91.1,117.8,93.6,98.2,101.4,106.1,92.4,117.3,96.5
2021-03-01,129.9,116.7,120.6,102.9,185.7,212.9,88.9,111.6,107.1,221.5,251.9,209.2,185.9,213.6,331.6,177.2,,171.2,138.9,232.2,454.2,,99.8,160.3,56.7,91.2,115.1,143.4,129.6,103.5,100.2,215.7,126.9,142.6,64.9,99.8,158.2,97.8,143.8,118.2,130.3,130.4,150.9,133.6,135.6,89.1,98.9,182.4,99.4,149.4,201.0,139.5,89.3,147.2,123.6,264.3,129.3,203.9,100.5,102.1,92.4,103.0,101.6,101.1,105.3,99.6,109.3,105.0,97.8,103.2,82.9,76.9,84.4,91.6,101.4,98.0,99.4,99.4,100.0,99.2,99.4,115.3,106.0,104.7,106.0,104.0,116.1,115.5,128.1,100.9,97.1,108.1,108.2,107.8,106.0,106.4,100.8,,99.4,104.2,115.0,118.3,100.6,117.1,99.5,94.4,107.5,104.9,106.5,106.3,88.4,96.2,93.9,91.0,100.2,114.2,103.1,114.9,141.0,102.4,96.7,108.7,93.9,118.1,94.0,98.4,101.4,105.9,93.0,117.2,96.3
2021-04-01,131.1,117.6,121.6,103.6,190.1,218.2,89.1,111.8,107.2,225.6,255.1,215.1,190.4,219.3,337.8,191.1,,177.2,138.4,235.2,466.5,,100.0,179.8,57.1,91.4,115.0,143.2,130.0,103.4,100.4,210.3,121.9,149.3,66.0,100.2,161.0,98.3,143.9,117.7,129.9,131.9,152.3,133.4,136.6,89.7,98.9,184.0,99.7,152.8,202.3,139.7,90.0,155.0,124.8,267.0,130.4,205.0,100.8,102.3,92.9,102.9,101.7,101.3,106.3,98.5,107.4,106.5,97.8,104.1,83.1,76.9,85.1,91.7,101.7,98.2,99.7,100.0,100.9,99.8,100.2,115.5,106.4,104.7,106.8,104.7,116.1,115.5,132.6,100.7,96.8,108.1,108.3,107.4,106.1,106.4,100.5,,97.8,104.7,118.0,123.4,101.6,120.5,99.7,99.1,108.2,104.7,106.5,106.3,88.5,96.8,94.0,91.2,100.4,116.6,104.7,119.1,148.6,102.2,96.7,109.6,96.1,118.1,94.5,98.6,101.3,105.9,93.3,116.8,94.8
2021-05-01,132.8,118.8,122.7,104.7,189.7,229.1,89.2,112.0,107.5,237.4,266.5,225.7,200.0,232.3,355.4,198.3,,186.8,155.2,245.9,490.2,,100.8,186.3,57.1,91.7,115.0,143.5,130.6,103.6,100.9,223.4,133.7,153.1,68.4,100.6,168.6,98.4,144.9,118.0,131.5,131.7,153.7,134.0,139.0,90.8,99.6,189.5,100.2,160.0,211.9,140.8,90.4,145.5,126.1,267.1,132.2,214.5,101.3,102.8,93.3,102.9,102.2,101.6,110.1,96.2,104.7,107.2,98.4,104.4,83.2,77.0,86.1,91.7,102.3,98.3,100.0,100.5,101.4,100.0,100.3,116.9,107.5,105.2,108.8,104.9,116.2,115.6,138.4,101.0,96.8,108.3,108.4,107.7,106.4,107.2,100.3,,98.2,109.6,121.1,136.5,103.0,123.9,103.4,101.5,108.4,105.2,106.7,106.4,89.5,96.8,93.6,91.2,105.0,118.5,107.8,122.4,156.3,102.3,98.4,110.3,97.3,118.3,95.5,98.6,101.3,105.7,93.5,116.8,95.0
2021-06-01,134.2,119.6,123.5,105.2,193.2,235.4,89.5,112.2,107.8,249.0,282.0,229.1,203.4,235.2,356.6,203.3,,194.6,154.2,251.7,436.9,,100.9,199.0,57.1,92.2,115.2,143.5,131.5,104.0,102.4,232.1,140.6,158.7,71.5,101.0,174.4,98.5,145.2,117.5,130.3,132.5,156.2,134.5,140.7,91.4,99.8,195.3,100.5,163.7,225.7,141.1,91.1,143.7,127.5,281.0,133.1,227.6,101.8,104.1,93.5,102.8,103.1,102.5,113.9,96.1,104.6,107.7,98.6,104.5,83.1,77.0,86.1,91.1,103.0,98.8,100.4,100.9,101.9,100.1,100.4,117.6,107.9,105.2,109.8,105.1,116.4,115.6,132.4,101.3,97.1,109.2,108.5,110.2,106.9,107.3,100.4,,99.0,117.7,127.0,141.6,103.8,130.8,105.9,105.8,109.1,104.5,107.1,106.5,89.6,96.8,93.9,91.3,112.7,121.0,109.4,126.7,170.4,102.5,100.1,111.3,100.8,118.3,96.8,98.8,101.3,105.4,93.5,116.9,94.9
2021-07-01,134.6,119.7,123.5,105.3,194.4,236.0,89.8,112.7,108.0,256.3,287.8,226.1,202.1,227.9,353.4,225.6,,200.3,145.2,245.8,394.3,,103.0,211.5,57.3,92.7,115.7,142.1,131.6,105.2,102.7,231.2,140.4,164.7,68.2,101.7,172.0,98.8,146.4,118.1,129.4,132.8,157.2,135.9,140.2,92.1,100.2,197.6,101.0,158.5,233.6,142.1,91.3,144.6,128.1,285.9,132.0,235.8,102.6,104.8,94.1,103.2,103.9,103.2,116.1,96.0,104.5,108.1,98.8,106.4,83.3,77.2,86.2,90.1,104.0,99.2,101.8,101.5,102.6,100.6,100.9,117.6,109.8,105.3,108.9,105.3,116.8,116.0,132.3,101.2,97.1,109.4,108.6,110.1,107.3,107.4,101.1,,98.7,121.7,130.1,129.2,103.6,134.3,110.9,108.7,109.6,104.8,107.5,106.6,90.9,96.9,94.3,91.8,116.5,122.2,107.0,128.4,175.3,102.9,103.5,111.2,102.0,117.1,97.5,99.3,101.3,105.9,93.5,117.3,94.8
2021-08-01,134.3,119.7,123.5,105.2,195.6,232.3,90.0,113.0,108.2,250.6,273.8,223.3,199.7,222.2,357.5,227.5,,204.5,147.2,250.3,395.0,,101.1,213.2,57.4,93.0,115.8,142.5,131.9,106.7,102.7,247.4,151.1,163.2,68.2,102.0,166.3,98.9,146.6,118.4,130.2,133.8,157.8,136.2,138.5,92.7,100.5,197.9,101.4,153.1,226.2,142.3,91.8,149.3,128.6,285.7,130.7,228.9,102.9,105.2,94.4,103.3,103.8,103.3,117.8,95.9,103.9,109.3,99.0,107.0,83.5,77.3,86.4,89.4,104.3,99.2,103.4,101.8,103.0,100.8,101.1,116.9,110.2,105.5,107.4,104.9,117.1,116.0,135.4,101.2,97.2,109.2,109.0,109.6,107.1,107.4,101.1,,98.6,117.2,130.1,117.4,103.2,134.3,110.9,109.7,108.8,104.9,107.2,106.5,90.4,97.1,94.4,92.2,112.4,121.6,104.3,127.5,175.8,102.6,103.9,111.3,101.1,117.2,100.8,99.3,101.3,106.0,93.5,116.9,94.5
2021-09-01,134.9,119.9,123.6,105.2,198.4,234.6,90.0,113.1,108.5,259.7,285.8,222.0,199.1,218.3,354.2,229.3,,207.9,145.8,249.9,361.2,,101.4,221.6,57.5,93.3,116.1,142.5,132.9,107.0,103.2,252.7,157.9,165.9,68.7,102.2,165.8,98.9,146.8,118.4,129.6,134.9,158.6,136.6,138.5,93.4,100.7,205.5,101.7,150.2,235.1,142.5,92.2,157.8,128.8,294.3,130.1,237.8,103.4,106.4,94.3,103.4,104.1,103.9,120.2,97.3,105.4,109.6,99.3,107.1,83.5,77.4,86.4,88.7,103.7,99.4,103.6,101.8,102.9,100.7,101.0,117.7,110.6,105.3,107.3,105.4,117.2,116.0,132.5,101.2,97.3,109.2,109.0,109.5,107.1,107.3,101.0,,98.8,121.4,129.8,111.0,103.0,133.8,109.9,110.2,108.6,104.6,107.2,106.5,90.9,97.1,94.5,92.2,116.3,121.5,103.2,127.3,172.4,102.7,103.4,111.5,100.9,117.2,101.9,99.4,101.3,106.0,93.5,116.9,94.6
2021-10-01,136.9,120.7,124.2,105.7,200.0,246.7,90.2,113.6,108.6,288.5,319.8,225.1,203.6,219.5,346.3,236.7,,217.6,142.6,254.4,308.3,,104.4,251.7,57.7,93.6,116.0,142.2,134.2,109.0,103.2,259.5,160.2,167.7,66.6,102.5,175.4,98.9,146.4,118.4,129.6,136.1,161.6,137.0,141.3,94.1,101.2,216.0,102.2,154.7,264.7,142.0,92.8,162.6,130.1,315.3,131.1,266.4,103.5,107.9,94.4,103.5,104.3,104.2,125.3,96.9,105.0,110.4,99.2,106.9,83.3,77.5,86.4,86.7,104.2,98.8,104.5,102.5,103.8,100.6,100.9,117.2,109.8,105.3,107.3,105.4,117.2,116.0,131.2,101.3,97.5,109.1,109.1,109.5,107.3,107.4,101.1,,98.7,138.5,131.6,120.7,103.2,136.0,109.6,119.7,110.2,104.3,107.2,106.5,91.4,96.9,94.8,92.0,132.4,121.7,105.8,127.6,172.9,102.7,103.1,112.9,107.0,117.2,103.3,99.3,101.1,106.1,93.9,116.8,94.5
2021-11-01,137.9,121.5,124.9,106.3,199.8,252.2,90.4,113.8,108.9,295.6,319.4,229.6,209.6,223.7,355.5,237.5,,218.5,146.9,282.2,325.1,,104.7,268.9,57.9,93.8,116.5,142.2,134.9,110.7,106.5,273.4,175.1,169.5,67.7,102.7,178.9,99.0,146.7,119.0,130.5,136.7,162.6,137.8,142.7,94.9,101.6,213.8,102.5,156.3,274.8,142.3,93.4,160.6,131.0,315.9,131.9,276.0,104.3,107.5,94.7,103.5,104.7,104.5,126.1,97.7,106.1,110.3,99.8,107.1,83.4,77.5,86.8,86.7,104.9,99.4,105.3,103.0,103.9,100.9,101.1,116.8,110.0,105.6,107.9,105.2,117.0,115.9,134.2,101.1,97.4,108.9,109.1,109.0,107.0,107.1,101.6,,99.2,144.0,130.8,123.8,103.6,135.0,108.8,121.0,110.5,104.6,107.1,106.4,92.0,96.9,94.7,91.9,137.6,121.8,107.1,128.0,171.3,102.5,102.6,113.6,109.4,117.2,103.9,99.7,101.3,106.2,93.9,117.1,94.3
2021-12-01,137.4,122.0,125.5,106.8,200.4,246.7,90.6,113.8,109.4,272.9,289.4,233.5,211.7,227.6,355.2,239.3,,223.1,144.6,280.4,307.1,,104.8,283.0,58.1,94.4,116.9,142.2,135.9,113.6,109.0,282.7,181.6,168.7,67.4,103.4,173.5,99.0,146.8,119.1,131.0,135.7,161.9,137.6,141.3,94.6,101.8,211.1,103.0,157.3,244.1,142.3,93.4,145.7,131.3,301.5,132.2,246.7,105.0,110.5,95.0,103.8,105.3,105.0,134.5,97.7,106.7,110.4,99.9,107.5,83.6,77.6,87.4,86.7,105.0,99.5,105.7,103.9,105.0,101.3,101.5,115.9,110.0,105.7,107.4,105.1,116.9,115.8,134.7,101.5,98.2,108.8,109.1,108.5,106.9,107.5,102.5,100.0,99.5,126.8,130.7,127.7,102.8,135.0,108.3,121.5,110.6,104.6,107.0,107.2,91.1,97.0,94.8,92.5,121.4,121.7,108.1,128.0,166.4,102.4,102.9,114.2,110.3,117.3,103.8,100.4,101.3,107.4,94.4,117.0,94.1
2022-01-01,140.1,123.8,127.3,108.1,207.0,258.3,91.4,114.5,109.8,292.9,317.3,241.5,219.6,236.0,362.0,240.8,,231.5,148.7,306.7,314.0,,105.0,319.8,58.7,94.9,117.1,142.2,136.6,117.2,113.0,287.1,185.0,172.4,68.3,103.9,184.4,99.2,148.1,120.1,133.2,138.7,165.6,138.4,145.3,96.4,102.0,220.1,103.8,165.2,267.9,143.5,94.4,166.2,133.0,326.2,135.1,269.5,105.6,111.3,95.4,103.8,104.6,104.1,136.1,97.9,106.8,111.0,99.7,108.8,83.7,77.8,87.5,86.7,105.5,100.2,106.6,104.5,105.7,101.5,101.7,116.0,110.1,107.4,107.3,104.6,116.9,115.5,142.4,101.9,98.8,109.6,111.1,108.7,107.8,108.6,104.0,102.3,100.3,139.4,134.1,142.1,103.9,138.8,113.7,131.1,113.1,106.2,108.4,108.8,90.4,97.3,95.1,93.1,133.3,123.0,111.8,130.1,167.1,102.4,104.5,116.1,116.1,117.3,104.2,102.9,102.0,109.4,95.0,117.3,94.4
2022-02-01,142.6,124.8,128.3,109.0,210.3,271.2,91.8,114.8,110.2,323.9,355.5,246.7,223.9,241.8,372.3,241.9,,244.2,149.7,310.4,347.7,,105.2,341.4,59.1,95.2,117.2,142.6,139.2,116.7,116.3,294.4,191.5,177.6,68.0,104.2,193.6,99.4,150.1,121.2,134.2,140.2,167.8,141.0,149.4,97.4,102.9,228.9,104.1,168.4,298.5,145.4,94.7,178.2,133.9,341.0,137.4,299.5,105.1,111.1,95.9,104.1,104.9,104.4,135.9,97.3,106.0,111.3,100.7,109.7,84.1,77.6,87.5,87.9,105.7,100.5,106.6,105.1,106.5,101.7,101.9,116.7,111.8,108.8,108.2,104.7,117.5,116.1,153.3,102.0,98.7,110.3,111.6,108.9,108.9,108.9,105.9,102.4,100.5,156.6,136.7,146.7,104.9,141.3,113.7,133.9,113.8,107.5,109.2,109.9,90.2,97.6,95.1,93.3,149.6,124.7,114.5,132.9,172.4,102.8,107.2,117.4,118.1,117.7,103.8,103.8,102.2,109.6,95.1,118.7,96.3
2022-03-01,146.8,126.2,129.9,110.4,210.9,296.5,92.2,114.9,110.5,381.7,427.6,258.0,232.8,256.5,407.1,244.1,,267.2,157.8,330.7,390.5,,105.5,358.6,59.5,95.6,117.1,142.6,139.3,115.2,118.8,294.1,190.6,179.3,72.9,104.7,210.2,100.0,152.1,122.2,138.5,142.1,171.9,143.2,155.8,99.8,104.1,257.0,105.0,175.6,345.9,147.3,95.2,193.2,135.6,368.2,140.5,346.1,104.7,111.3,96.5,104.3,105.1,104.5,135.5,97.3,106.1,114.0,105.7,110.6,84.1,77.6,87.5,92.5,106.2,101.4,105.8,105.3,106.7,102.9,103.1,116.7,114.1,109.8,110.9,105.0,117.8,116.1,165.2,103.7,98.9,110.6,111.8,109.2,109.3,108.4,106.9,102.0,102.8,183.4,137.6,156.2,108.5,142.3,114.8,136.9,114.7,108.4,109.3,110.3,91.0,98.1,95.3,93.6,175.1,124.8,117.8,133.3,171.8,103.1,107.5,117.8,119.3,117.7,106.0,104.9,102.4,109.7,95.4,119.2,98.3
2022-04-01,147.5,126.8,130.4,110.7,212.7,298.6,92.6,115.3,110.5,384.9,434.4,259.5,235.0,256.4,415.1,238.7,,269.3,160.0,369.4,368.9,,105.9,381.2,60.1,95.8,117.4,141.7,139.4,115.5,118.8,305.3,198.8,177.6,73.2,104.8,211.3,100.2,152.7,123.0,136.9,143.4,174.2,143.1,156.0,99.9,104.7,266.0,105.3,174.8,352.2,147.8,95.6,202.1,136.8,381.1,140.2,351.9,104.8,110.6,96.7,104.6,105.3,104.4,134.5,96.3,104.8,115.7,106.0,111.3,84.0,77.4,88.2,92.7,106.4,100.6,105.9,105.7,107.2,102.9,103.1,118.0,113.7,110.7,113.5,106.9,117.9,115.8,174.8,103.3,98.9,110.5,112.0,108.2,109.1,108.8,107.2,102.9,104.1,187.0,139.2,153.1,108.9,144.0,117.4,139.0,115.0,109.3,109.1,111.4,90.8,98.4,95.5,94.1,178.4,125.2,116.2,134.1,169.1,103.2,110.6,117.8,120.6,117.1,108.3,106.1,103.3,110.1,96.7,119.4,100.3
2022-05-01,148.2,126.7,130.0,110.5,211.5,302.6,92.9,115.9,110.4,408.3,446.8,255.4,233.4,250.2,399.0,240.5,,269.4,144.4,340.4,335.8,,105.6,379.5,60.9,95.7,117.5,141.0,139.6,115.0,118.8,298.4,193.9,179.1,71.0,104.6,216.7,100.3,153.3,122.7,138.2,144.5,176.1,142.8,157.0,101.4,106.0,271.2,105.4,178.3,366.1,148.4,96.2,205.3,137.8,391.9,140.5,365.3,104.3,109.9,96.8,105.0,105.4,104.6,133.4,94.9,103.1,116.1,106.7,111.9,84.0,77.2,88.2,92.8,106.4,100.4,105.8,105.8,107.3,102.9,103.1,117.4,115.3,110.3,111.8,106.4,117.2,115.0,166.6,103.1,99.0,110.4,112.4,107.7,109.1,108.5,107.0,103.9,103.1,195.6,140.5,162.9,107.4,145.5,117.6,142.3,115.3,108.9,109.1,111.1,91.1,98.3,95.1,93.7,186.4,125.5,119.3,134.6,169.7,102.9,111.5,117.9,121.3,116.6,108.7,106.2,103.9,110.2,98.4,119.3,99.4
2022-06-01,148.5,126.0,129.2,109.8,210.1,305.3,92.9,116.1,110.0,431.3,473.1,249.4,229.4,241.4,381.4,217.1,,249.0,148.9,332.6,313.8,,105.6,376.4,61.7,95.3,117.5,140.8,138.9,113.9,118.8,303.3,198.0,171.7,69.8,104.3,218.8,100.3,155.1,123.5,139.0,145.1,176.4,145.3,157.7,101.3,106.2,272.6,105.4,175.5,385.8,150.2,96.4,208.3,137.2,403.5,140.1,383.9,103.5,108.7,96.6,105.1,105.2,104.3,130.1,94.8,103.0,114.3,105.9,111.8,83.9,77.0,89.7,92.5,106.8,101.4,105.2,105.8,107.1,103.1,103.3,116.9,118.8,110.1,110.1,105.9,120.5,114.9,160.5,102.7,98.7,110.8,112.5,107.4,110.3,108.6,106.4,104.9,102.2,208.0,143.4,157.8,106.3,148.9,118.1,147.0,115.0,108.7,109.6,111.6,91.1,98.5,94.9,94.2,198.2,125.7,118.9,134.8,169.0,102.6,112.8,118.7,123.5,116.5,109.5,105.8,104.6,111.0,98.3,118.9,98.5
2022-07-01,146.4,125.2,128.6,109.3,208.5,291.8,93.0,116.7,110.2,401.4,426.8,242.9,221.5,231.6,354.6,215.3,,230.2,117.7,275.1,292.7,,106.0,371.4,61.5,95.8,117.7,139.8,141.7,113.3,118.6,299.0,194.1,165.6,66.7,104.2,206.9,100.1,154.7,124.9,137.7,144.3,173.9,142.8,153.7,100.2,104.7,260.9,104.9,173.3,342.8,150.0,96.6,195.7,136.7,379.1,139.1,343.0,103.4,108.8,96.6,105.5,107.1,106.6,128.8,95.8,104.2,114.6,106.2,112.6,83.6,76.8,89.8,91.9,106.6,101.2,104.8,106.1,107.5,103.3,103.3,117.9,117.7,110.7,111.5,106.2,119.1,114.2,157.5,102.5,98.1,111.7,112.9,109.8,111.4,108.6,107.6,105.9,101.4,182.0,142.3,157.1,104.1,147.4,127.8,149.6,116.8,109.8,111.0,111.1,90.6,98.4,94.9,93.7,173.7,125.8,118.6,134.4,169.5,102.9,117.8,118.4,125.3,115.8,110.0,105.7,105.5,111.1,98.3,119.0,97.9
2022-08-01,144.6,124.9,128.3,109.2,205.3,280.9,92.9,116.4,110.3,367.0,383.4,242.1,221.1,231.4,352.6,217.3,,224.3,118.6,302.8,307.7,,106.3,353.2,61.3,95.9,118.2,139.5,143.0,113.0,118.2,302.0,197.1,162.8,67.1,104.1,197.9,100.1,153.8,124.4,136.4,141.7,171.3,142.3,151.2,99.3,104.1,249.1,104.6,171.2,310.2,149.3,96.6,166.6,136.1,354.9,138.7,311.4,102.9,108.5,96.5,106.1,107.4,106.9,127.6,95.7,104.2,114.5,106.3,112.7,83.6,76.8,90.1,91.6,106.4,102.0,104.3,106.1,107.4,103.3,103.3,117.8,116.2,110.9,112.3,105.3,118.2,114.0,158.9,101.9,97.9,111.3,112.7,108.6,111.2,109.4,108.4,105.8,100.7,163.8,142.6,151.9,104.3,147.8,127.1,144.2,117.0,109.8,110.6,111.0,91.0,98.4,95.2,93.5,156.6,125.9,116.7,134.9,169.5,102.4,118.3,117.3,122.4,115.7,109.9,106.2,105.4,111.3,98.4,119.1,97.4
2022-09-01,143.1,124.5,127.9,108.8,206.1,271.7,92.8,116.5,110.1,344.0,358.0,238.8,217.5,227.5,341.6,215.9,,216.3,118.3,286.2,289.2,,105.7,355.2,61.3,95.6,118.6,139.1,143.0,112.5,117.4,303.4,199.9,164.5,64.6,104.1,192.1,100.2,152.9,123.9,134.4,141.7,170.4,142.6,149.0,98.3,103.5,240.1,104.3,169.6,287.9,148.5,96.4,170.5,135.8,347.9,137.7,289.4,103.8,108.3,96.5,107.6,107.9,107.3,127.7,95.8,104.1,114.4,106.6,112.4,83.6,76.8,90.1,92.3,106.4,101.9,104.2,106.1,107.4,103.3,103.3,118.3,114.5,110.9,114.0,105.2,118.4,113.9,155.8,101.4,97.8,111.4,112.7,108.6,111.6,109.8,109.3,106.4,100.1,151.2,144.4,149.8,103.2,149.9,127.2,140.1,116.9,109.5,110.7,111.5,91.2,98.5,95.2,93.5,144.6,127.1,115.6,136.2,167.0,102.4,119.7,116.7,121.1,115.7,110.2,107.1,105.4,112.0,98.3,120.0,97.2
2022-10-01,142.7,124.3,127.8,108.8,204.1,268.8,93.0,117.1,110.0,336.6,350.2,237.9,215.8,226.8,342.8,202.6,,210.7,117.4,271.0,308.0,,106.7,347.3,61.6,95.6,119.0,138.2,142.3,111.6,116.8,301.5,195.7,162.4,64.2,104.5,188.4,101.1,152.7,125.9,134.8,141.7,170.4,142.7,148.2,98.8,103.6,242.0,104.5,167.9,278.7,148.2,96.9,162.4,136.7,336.3,137.7,280.5,104.4,108.0,96.9,108.3,107.7,107.2,126.7,95.8,104.0,114.2,106.4,112.1,84.5,76.8,90.7,92.1,106.3,100.8,104.3,105.9,107.2,103.2,103.2,120.0,113.3,111.3,118.7,104.7,118.2,113.8,160.3,101.0,97.1,111.6,113.1,107.9,112.3,110.1,110.1,106.5,100.6,146.8,142.7,147.7,102.5,147.9,128.2,135.8,116.5,110.0,110.8,111.9,92.4,99.2,94.8,93.0,140.4,127.7,114.9,137.2,160.2,102.1,120.3,116.0,117.1,115.7,109.8,107.1,106.7,112.1,97.8,120.6,97.1
2022-11-01,141.6,124.0,127.4,108.2,207.8,261.1,93.1,117.1,109.8,323.5,334.1,232.5,211.8,221.1,329.0,209.2,,206.5,118.7,251.0,288.4,,106.8,337.7,61.6,95.4,119.0,138.1,141.9,111.6,115.9,281.0,176.3,159.0,62.3,104.4,185.0,101.0,151.0,125.7,132.3,141.6,170.4,142.1,146.0,98.6,103.5,238.7,104.4,167.0,266.9,146.6,96.9,160.9,136.5,339.6,136.3,269.0,104.2,106.7,97.0,108.4,107.6,107.2,126.0,95.4,103.9,114.0,106.2,112.5,84.8,76.8,90.1,92.4,106.3,100.5,104.5,106.3,107.5,103.1,103.0,119.8,110.5,111.2,118.4,104.7,118.3,113.7,156.6,100.8,96.7,111.8,113.1,107.5,113.2,110.2,110.4,106.8,100.2,139.9,143.0,146.9,101.8,148.2,127.8,128.1,116.4,110.1,111.1,112.3,92.2,99.2,94.8,93.3,133.9,126.8,112.8,136.5,155.4,102.4,119.7,115.2,114.5,115.7,108.9,107.0,106.7,112.2,97.6,120.9,97.3
2022-12-01,141.8,125.1,127.9,108.6,209.0,260.9,93.3,117.2,109.9,316.2,298.8,235.3,219.7,226.4,343.9,208.5,,213.1,129.6,284.7,299.0,,106.9,314.2,61.4,95.5,118.8,138.1,142.0,110.6,115.9,278.0,172.9,159.0,67.5,104.2,181.3,101.1,153.1,126.1,134.9,141.0,168.3,142.3,146.7,97.3,103.3,225.4,104.3,163.5,262.0,148.7,97.2,151.6,135.9,322.1,137.3,264.4,103.8,105.8,97.0,108.4,107.3,106.7,123.6,95.1,103.5,114.6,106.1,113.0,84.7,76.8,89.8,92.6,106.4,100.6,104.6,105.8,106.9,102.5,102.3,121.4,113.5,111.8,120.2,106.2,118.8,114.0,155.8,101.8,97.0,112.9,113.5,108.6,114.9,110.4,111.0,107.0,100.9,136.9,141.3,135.7,104.1,146.3,128.7,123.7,116.8,110.5,112.0,112.8,91.5,99.5,95.2,93.7,130.9,128.3,112.2,138.4,150.8,103.5,120.7,114.5,111.0,115.9,109.2,107.1,106.7,113.1,97.6,121.4,97.7
2023-01-01,141.3,125.5,128.1,108.7,211.8,255.4,93.6,117.7,110.0,300.9,289.7,234.4,220.5,225.7,344.3,203.4,,213.2,128.5,270.7,300.5,,106.5,311.1,61.3,95.4,118.5,139.0,141.2,111.2,115.7,294.8,187.2,161.0,69.8,103.7,181.5,101.2,154.5,126.0,137.2,141.7,168.4,144.9,146.8,97.0,103.6,221.4,104.1,163.4,262.5,150.2,97.6,151.5,136.5,316.3,137.4,265.0,103.2,104.8,96.5,108.1,107.2,106.6,122.5,93.2,101.3,114.3,106.3,113.8,83.8,75.0,89.1,91.7,105.8,100.8,104.0,105.9,107.2,102.4,102.2,124.3,115.0,112.2,124.4,108.7,120.1,115.4,155.4,103.3,97.4,114.6,114.9,110.7,117.0,109.5,109.7,106.6,102.6,137.3,139.7,134.4,105.1,144.4,127.7,122.7,117.4,110.4,113.9,112.1,92.2,99.5,94.9,93.9,131.3,130.0,111.6,139.8,147.1,106.4,120.4,115.8,114.9,116.9,109.4,106.0,106.4,114.7,98.1,118.6,98.0
2023-02-01,141.0,125.1,128.6,109.0,214.6,250.3,93.8,117.7,110.5,284.2,289.4,234.8,213.0,229.4,351.8,203.0,,221.9,139.7,301.6,293.3,,106.6,278.6,61.3,95.7,118.4,139.9,141.6,112.0,115.7,297.4,189.9,163.9,72.4,103.6,174.3,101.0,155.2,126.3,135.8,141.8,169.1,146.1,145.1,97.1,103.6,220.2,104.0,162.0,234.8,150.9,97.8,152.5,137.0,318.7,137.2,239.3,103.3,104.4,96.5,108.6,107.2,106.6,121.7,93.1,101.0,113.2,106.0,113.7,83.9,75.0,89.0,91.8,106.1,101.0,104.7,105.9,107.2,102.5,102.4,125.3,115.4,112.8,126.0,109.6,121.0,116.4,155.1,103.6,97.3,115.8,115.5,112.2,116.9,109.7,109.9,107.0,103.1,121.5,138.2,130.4,105.9,142.7,126.7,112.1,119.0,110.8,114.4,112.4,89.0,99.8,95.9,94.1,116.7,130.5,110.6,140.1,146.7,107.5,120.3,114.4,104.9,117.8,111.1,105.9,106.4,115.4,98.0,118.9,98.6
2023-03-01,139.9,124.3,128.0,108.6,212.4,244.0,93.7,117.5,110.2,271.7,284.6,231.3,207.9,226.1,341.0,204.7,,214.0,137.9,275.4,254.9,,106.5,255.4,61.9,95.6,118.3,139.9,141.6,112.5,115.2,300.0,189.7,165.1,69.3,103.1,172.4,100.6,154.6,125.0,134.4,141.5,168.9,146.2,144.0,96.7,103.3,216.3,103.6,160.7,229.4,150.4,97.8,148.2,137.7,307.4,136.4,233.8,103.3,103.4,96.0,109.3,106.8,106.1,118.5,93.7,101.8,113.1,105.8,113.6,83.1,73.0,88.9,92.1,106.1,101.0,104.6,105.9,107.2,102.5,102.5,126.2,114.6,112.5,128.6,109.4,120.6,116.2,146.6,104.1,97.8,116.1,115.2,112.4,117.2,109.8,109.6,106.8,104.8,117.5,135.7,130.7,104.4,139.9,126.1,113.2,119.0,109.7,114.7,112.6,88.8,99.5,95.7,92.8,112.8,130.9,110.0,141.0,148.6,107.4,119.6,114.1,104.1,117.7,111.3,104.5,106.2,116.1,98.3,118.8,100.4
2023-04-01,140.3,124.1,127.9,108.6,211.0,247.8,93.7,117.6,110.3,284.1,307.0,231.1,206.6,225.5,341.8,204.6,,210.2,135.5,259.2,256.4,,106.8,242.1,62.3,95.5,118.5,140.3,141.8,112.9,114.2,299.1,186.0,160.6,75.9,102.7,174.0,101.0,155.3,124.9,136.8,142.6,169.7,150.6,145.3,95.9,103.3,219.8,103.3,158.4,244.4,151.0,98.1,155.4,137.6,318.3,136.8,248.6,102.8,102.8,95.7,109.4,106.8,106.1,117.8,92.7,100.8,113.1,105.6,113.3,82.6,73.0,88.9,91.5,104.6,100.9,104.7,105.7,107.0,102.7,102.7,126.5,115.4,112.8,128.8,109.9,121.0,116.5,143.6,104.9,98.9,116.8,115.1,115.5,118.0,110.4,110.3,107.0,105.0,126.1,136.9,126.2,103.9,141.1,124.7,110.8,117.6,109.7,116.1,112.1,89.5,99.9,95.3,93.0,121.2,131.1,110.3,141.0,153.0,107.6,118.1,114.2,103.8,118.2,111.9,104.1,106.5,117.0,99.0,121.1,100.8
2023-05-01,139.7,123.9,127.9,108.6,209.2,243.0,93.7,118.0,110.4,269.8,296.9,230.7,205.2,225.7,342.5,204.8,,208.9,130.3,237.7,266.4,,106.9,236.5,62.0,95.6,118.5,140.5,142.3,113.3,114.2,301.7,187.2,158.7,76.2,102.4,170.7,100.8,155.8,125.4,135.9,142.5,168.7,151.2,144.7,95.2,102.5,210.6,103.2,157.4,233.4,151.5,98.2,155.0,137.4,308.3,136.9,238.2,102.6,103.4,95.2,109.3,106.7,106.0,119.2,92.4,100.3,112.5,105.4,113.5,82.1,72.3,89.0,90.7,103.2,100.9,104.5,105.8,107.0,102.6,102.6,127.5,115.1,113.6,130.6,110.6,121.5,116.7,144.9,105.7,99.7,117.8,115.3,116.8,119.6,110.7,112.3,107.2,106.1,120.8,135.7,123.7,104.3,139.6,124.0,111.4,117.9,110.2,116.5,112.4,89.1,99.8,95.2,92.3,116.1,131.6,109.8,141.4,155.6,107.9,118.6,114.5,104.4,118.3,114.7,104.2,106.5,117.3,99.3,122.8,101.1
2023-06-01,139.4,123.5,127.5,108.2,208.9,242.0,93.6,117.9,110.1,272.7,295.4,227.8,202.7,221.4,330.7,201.6,,204.2,127.3,216.2,245.9,,106.8,235.5,62.0,95.4,118.4,140.4,142.4,113.7,112.9,305.7,186.4,154.4,74.2,102.0,169.7,100.8,155.6,124.9,135.5,143.2,169.0,151.9,144.1,95.5,102.0,209.0,102.9,157.0,230.9,151.4,98.4,159.1,137.7,309.4,136.5,235.8,102.6,102.6,94.9,109.2,106.7,106.0,117.6,92.3,100.3,112.4,105.3,113.4,81.6,71.6,89.2,90.7,103.1,100.9,104.4,105.7,106.9,102.4,102.3,127.3,114.9,113.6,129.8,110.7,121.2,116.3,140.4,105.7,99.4,118.6,115.4,116.4,122.0,111.1,111.7,107.2,106.3,120.0,136.0,124.4,103.3,139.7,122.5,111.8,117.9,109.9,117.2,112.5,89.1,99.7,94.5,92.5,115.5,131.3,109.6,140.8,157.2,107.8,120.4,114.5,104.4,118.2,113.9,104.8,106.5,117.7,99.2,122.5,101.6
2023-07-01,139.4,123.5,127.4,108.0,213.3,240.9,93.5,118.6,109.8,275.9,305.5,224.9,200.6,218.4,319.0,209.1,,204.1,126.7,216.3,207.5,,106.4,224.5,61.9,95.3,118.4,139.5,142.3,114.0,112.0,302.7,181.1,152.9,72.7,101.7,172.2,101.3,156.0,124.7,136.1,145.8,170.5,151.5,144.7,95.3,101.6,214.3,102.8,158.3,237.8,151.7,98.9,186.4,138.1,323.8,136.7,242.8,102.4,102.1,94.6,108.7,106.6,105.9,116.4,92.3,100.2,110.7,105.1,113.1,81.6,71.4,89.3,90.9,103.0,100.7,104.3,105.7,106.8,101.3,101.3,126.9,115.5,113.7,129.1,110.7,121.1,116.2,133.8,105.6,99.2,118.3,115.3,115.6,121.9,111.5,112.4,108.3,106.8,123.4,136.9,126.9,103.4,140.6,120.3,113.6,118.9,110.0,117.3,113.2,91.7,99.9,94.4,92.0,118.8,132.5,110.1,143.0,161.5,107.9,119.3,113.8,104.4,117.4,113.4,104.4,108.0,117.9,99.2,122.1,101.8
2023-08-01,140.3,123.3,127.2,107.7,214.6,247.2,93.4,118.6,109.8,300.2,332.4,222.7,199.2,217.1,314.4,206.5,,200.2,131.1,227.4,216.0,,106.8,225.7,61.1,95.3,118.3,139.4,141.6,114.0,110.6,307.6,182.2,154.3,73.7,101.7,177.6,101.3,156.5,124.7,136.4,146.5,170.3,152.4,146.4,95.9,101.3,223.5,102.8,158.2,261.8,152.1,99.1,190.2,137.0,334.7,136.8,265.8,102.1,102.2,94.6,108.9,106.5,105.8,116.8,92.3,100.2,110.4,104.7,113.5,81.5,71.3,89.4,90.7,102.9,100.5,104.3,105.6,106.7,101.7,101.7,129.3,115.5,113.9,134.8,111.0,120.7,116.0,134.6,106.0,99.8,118.3,111.5,115.4,122.6,112.2,113.4,108.0,106.8,136.3,138.9,125.6,103.5,142.8,118.4,101.3,119.2,110.2,116.6,114.3,93.7,99.5,94.4,90.0,131.0,133.1,110.1,143.7,167.8,108.2,117.0,112.6,101.8,117.2,113.6,104.6,108.0,117.5,99.9,122.5,102.0
2023-09-01,141.0,123.1,126.9,107.5,213.9,252.2,93.4,118.7,109.8,319.5,360.3,221.0,197.4,215.3,310.5,197.7,,196.2,126.2,220.3,213.1,,105.4,211.2,61.1,95.2,118.2,139.4,142.0,113.8,109.0,307.7,179.7,151.5,72.9,101.5,180.1,101.4,155.8,124.0,137.6,146.7,171.8,151.4,146.9,95.9,101.2,225.9,102.8,156.9,278.5,151.5,99.4,187.4,137.4,349.9,136.4,282.1,101.5,102.2,94.5,108.3,106.6,105.9,117.2,92.1,100.0,110.1,104.6,113.5,81.4,71.2,89.4,91.0,102.9,100.4,104.3,105.1,106.2,101.7,101.7,128.5,114.7,113.6,133.4,110.7,119.8,116.0,131.3,105.4,99.3,118.2,111.5,115.1,122.5,112.4,113.4,107.8,106.5,145.7,133.3,125.7,102.9,136.7,114.1,100.4,118.0,110.1,116.6,114.6,93.9,99.5,95.1,89.7,140.1,129.7,110.2,138.1,161.0,108.0,114.6,112.3,102.0,117.2,111.8,104.9,108.0,117.2,99.5,122.4,101.9
2023-10-01,140.1,122.8,126.7,107.3,213.0,247.3,93.2,119.2,109.5,306.9,353.1,219.7,196.2,212.7,307.4,194.7,,196.1,121.5,225.9,203.4,,104.8,214.7,61.1,94.7,118.2,139.4,142.2,113.7,109.0,308.0,176.1,148.2,68.9,101.4,177.7,101.5,155.3,123.1,137.0,144.9,170.4,150.3,146.0,95.6,101.2,223.9,102.6,156.3,269.5,151.0,98.5,180.1,136.4,345.9,135.9,273.5,101.2,102.0,94.4,107.8,106.5,105.8,117.2,91.8,99.6,109.5,104.1,113.5,81.5,71.2,90.0,91.2,102.8,100.2,104.2,104.8,105.9,101.5,101.5,128.2,114.8,113.0,133.8,109.9,120.0,116.0,128.9,104.9,99.2,117.9,111.4,114.6,122.6,111.7,111.9,107.7,106.1,141.6,132.4,124.6,103.0,135.7,117.5,102.4,118.0,109.5,116.4,114.1,92.5,100.0,94.9,90.1,136.1,129.3,110.0,137.6,161.2,107.6,116.4,112.6,101.9,117.1,109.8,104.7,108.8,117.2,99.0,121.3,101.6
2023-11-01,139.4,123.1,126.8,107.4,215.1,241.5,93.2,119.1,109.5,287.5,320.5,220.3,197.8,213.6,311.1,194.8,,194.2,123.4,222.0,205.6,,104.6,211.8,61.2,94.5,118.3,139.7,141.6,113.0,109.0,319.0,182.4,143.6,75.3,101.1,171.9,101.6,155.0,123.2,136.6,144.7,170.3,150.2,144.4,95.1,100.7,215.7,102.4,154.7,249.4,150.7,98.6,174.9,136.7,340.3,135.7,253.6,100.7,101.7,94.3,106.7,106.4,105.6,116.7,91.5,99.2,109.1,103.6,113.3,81.4,71.2,89.9,91.0,102.5,99.5,103.9,104.4,105.4,101.4,101.4,128.2,114.4,112.9,133.8,109.7,120.3,116.2,128.6,104.4,98.8,117.8,111.4,114.3,122.8,111.8,111.9,107.6,106.2,130.4,129.6,122.5,102.7,132.6,116.8,103.4,117.6,109.4,116.4,114.2,93.0,100.0,95.0,90.0,125.3,128.4,109.2,136.1,156.4,107.6,117.0,112.7,101.1,117.3,109.3,104.7,108.8,117.1,98.7,121.0,101.3
2023-12-01,138.4,123.1,126.9,107.4,214.6,235.0,93.1,119.1,109.4,264.6,287.6,221.3,198.6,214.4,312.4,193.4,,192.0,127.6,216.4,206.7,,104.5,221.6,60.7,94.4,118.3,139.9,139.7,112.6,109.0,330.6,191.2,140.5,76.8,101.0,165.2,101.5,155.6,123.7,136.5,144.2,170.0,150.7,142.7,94.7,100.1,208.6,102.2,154.3,219.9,151.3,98.7,167.5,137.0,330.3,135.8,225.4,100.3,101.4,94.2,106.7,106.0,105.2,116.2,91.8,99.3,108.8,103.1,113.4,81.3,71.2,89.9,91.1,102.8,101.9,103.7,104.0,104.9,101.4,101.4,129.2,115.2,112.9,135.2,110.3,120.6,116.3,130.3,103.1,96.3,118.1,111.1,114.5,123.0,111.8,112.2,107.6,106.4,114.1,129.2,121.7,102.6,132.2,117.1,105.0,117.6,109.5,116.4,114.1,92.7,100.0,94.9,89.7,109.7,128.6,109.1,136.1,155.6,108.1,116.6,113.1,101.8,117.4,109.0,104.4,108.8,117.5,97.4,121.3,101.6
2024-01-01,139.4,123.9,127.7,108.1,217.7,236.2,93.5,120.0,110.6,269.0,290.7,221.2,198.2,214.6,315.8,194.1,,194.7,129.4,226.2,210.7,,104.5,213.8,60.4,94.5,118.3,145.4,140.6,111.6,109.0,316.0,177.3,143.1,77.7,100.6,166.2,102.7,157.3,123.6,136.9,146.1,171.7,157.2,144.1,94.4,100.0,208.8,102.2,154.6,223.4,152.9,99.3,181.5,138.3,336.2,137.0,228.7,99.9,100.6,93.9,106.6,106.3,105.2,113.7,92.0,99.6,108.3,102.5,111.8,81.3,71.1,89.9,90.8,102.6,102.0,102.8,104.0,104.9,101.4,101.4,129.3,117.1,113.8,136.1,110.0,123.7,120.4,127.6,101.6,93.6,118.7,111.8,115.2,124.5,113.4,114.7,109.1,107.2,116.4,125.7,122.4,103.3,128.3,117.1,105.6,119.1,110.3,116.1,115.1,92.6,101.4,96.1,89.4,111.9,127.5,110.7,134.3,156.5,107.8,116.2,115.2,98.4,121.6,109.4,102.6,109.7,119.5,95.9,125.0,102.6
2024-02-01,139.7,123.9,127.8,108.2,218.2,236.3,93.7,120.1,111.0,272.0,300.6,220.0,196.6,213.6,310.5,193.4,,193.0,126.2,211.7,203.1,,104.5,212.4,60.1,94.6,118.3,146.1,140.5,112.1,109.0,331.3,180.4,150.0,76.8,100.5,168.0,102.2,157.7,124.0,137.8,146.7,172.6,157.3,144.9,94.2,99.8,211.8,102.1,154.5,231.7,153.4,99.5,187.0,138.6,344.8,137.3,237.4,100.0,100.1,93.8,106.5,106.3,105.3,113.5,91.9,99.3,108.5,102.5,111.9,81.2,71.0,89.9,90.5,102.6,102.5,102.8,104.0,104.9,101.4,101.4,130.4,117.0,114.4,138.4,110.3,123.7,120.9,128.6,101.8,93.6,119.6,112.3,115.6,125.4,114.7,117.1,109.1,107.4,120.9,126.9,122.3,103.1,129.6,115.7,102.5,119.2,111.0,116.9,116.0,91.0,101.2,95.4,89.0,116.1,128.9,110.4,136.6,160.6,108.1,115.5,114.9,97.5,122.2,109.7,101.8,109.7,121.9,96.0,127.1,102.9
2024-03-01,140.5,124.1,128.1,108.2,222.0,242.1,93.5,120.3,110.6,285.5,315.7,222.4,197.7,216.1,314.8,192.3,,194.0,130.9,215.7,208.0,,103.4,214.1,59.8,94.4,118.2,146.0,140.2,112.2,108.8,352.4,182.6,150.7,80.8,100.5,169.7,101.2,157.8,124.3,138.2,147.7,173.9,157.5,145.5,94.3,100.1,215.4,101.9,154.8,238.8,153.4,100.0,191.2,139.8,344.8,137.5,244.6,99.9,99.7,93.9,106.5,106.4,105.3,113.2,91.9,99.3,108.7,102.5,112.0,81.1,71.0,89.9,91.1,102.9,102.9,102.8,104.0,104.8,101.4,101.4,130.9,116.9,114.5,140.0,110.1,123.7,120.9,130.4,101.9,94.0,119.5,112.3,115.0,125.6,115.8,115.5,109.1,107.4,124.6,127.4,122.4,103.3,130.1,116.3,101.1,119.0,111.3,117.0,116.0,88.2,100.6,94.9,89.0,119.7,129.5,110.1,137.7,165.3,107.8,115.5,114.4,95.5,122.2,108.1,102.0,109.7,125.2,96.2,124.5,102.9
2024-04-01,141.7,124.8,128.9,108.9,222.8,250.0,93.6,120.8,110.8,296.7,338.1,228.7,202.7,219.8,323.3,194.1,,201.5,140.4,219.8,217.1,,102.5,213.3,59.9,94.6,118.2,146.7,139.9,111.9,108.2,385.8,185.3,149.9,86.4,100.5,175.1,101.0,158.6,124.7,138.9,148.5,175.3,158.4,147.7,94.6,100.7,226.3,102.2,156.7,256.7,154.2,100.9,185.7,141.3,342.1,138.6,262.0,100.3,99.9,93.8,106.7,106.6,105.3,113.7,91.9,99.4,108.8,102.2,111.8,81.1,71.0,89.9,91.2,102.8,102.8,102.4,103.7,104.6,101.2,101.4,131.9,117.7,114.9,141.6,111.0,124.2,120.3,132.9,102.2,94.4,119.7,112.3,115.2,125.9,116.1,116.1,109.4,107.4,134.8,127.8,124.2,104.6,130.6,117.0,102.6,118.9,111.5,117.1,116.1,86.6,100.7,94.3,89.0,129.5,130.1,111.1,138.9,168.8,107.3,116.2,115.0,96.7,122.7,108.2,101.8,110.2,124.9,97.0,124.5,103.0
2024-05-01,141.5,124.5,128.6,108.8,219.5,249.8,93.5,120.8,110.9,297.4,331.1,228.3,201.9,221.5,329.5,193.1,,211.4,154.2,250.4,211.6,,102.4,209.5,59.8,94.6,118.2,146.9,140.0,111.8,108.0,370.6,186.7,150.2,87.3,100.5,173.7,101.1,158.9,124.6,139.3,147.7,174.2,158.4,147.6,94.4,100.3,220.2,102.1,156.5,251.2,154.5,100.8,177.6,141.0,330.8,138.8,257.5,100.4,99.9,93.7,106.8,106.6,105.3,113.1,91.8,99.2,108.1,102.0,111.7,81.0,71.0,90.0,91.2,102.7,102.7,102.4,103.7,104.5,101.1,101.1,132.6,118.0,114.9,143.7,110.7,124.5,120.4,135.2,101.7,93.9,119.5,112.3,114.7,125.8,116.0,116.4,109.5,107.2,131.6,131.9,120.7,105.3,135.0,118.0,102.3,118.7,111.4,117.0,115.9,86.6,100.8,93.9,89.5,126.6,131.9,110.8,142.2,171.6,107.1,116.9,115.0,95.3,122.9,107.6,102.2,110.2,124.4,96.9,124.7,102.4
2024-06-01,141.6,124.8,128.9,109.0,221.9,249.3,93.6,120.9,110.7,292.4,326.9,229.7,203.3,223.9,334.5,193.6,,219.5,155.4,248.7,221.0,,102.4,207.8,59.5,94.6,118.2,147.1,140.3,111.6,104.9,390.0,201.0,150.6,88.4,100.5,173.3,101.0,159.0,124.8,139.8,148.0,174.8,158.4,147.5,94.3,99.6,212.5,102.1,156.6,248.9,154.7,100.9,179.0,141.4,333.2,139.0,254.8,100.7,99.9,93.7,106.8,107.1,105.9,113.0,91.9,99.3,108.0,101.7,111.7,81.0,71.0,90.1,91.5,102.3,102.6,102.4,103.7,104.6,101.2,101.0,132.9,118.0,115.1,144.2,111.0,124.6,120.6,136.3,101.9,94.1,119.7,112.2,115.0,126.2,116.1,116.4,109.9,106.2,130.6,132.4,120.4,105.5,135.6,119.6,104.5,118.7,111.6,117.0,116.1,85.8,100.8,93.7,89.5,125.6,132.3,110.7,142.7,172.2,107.3,117.6,115.4,96.1,123.3,106.7,102.4,110.3,124.3,97.4,124.7,101.6
2024-07-01,141.8,125.0,129.1,109.0,226.4,249.0,93.6,121.5,110.6,292.3,331.4,229.2,202.9,223.6,334.1,191.5,,216.2,152.3,253.7,227.8,,102.9,202.3,59.7,94.6,118.2,146.8,140.1,110.7,104.9,382.1,203.0,149.8,89.0,100.4,174.4,101.1,158.5,124.9,139.1,149.6,175.8,158.2,147.5,94.8,99.9,217.5,102.1,157.2,252.3,154.1,101.1,197.4,141.5,345.2,138.7,258.5,101.5,99.7,93.6,106.9,108.4,106.0,113.0,91.6,99.0,108.0,101.5,111.9,80.9,70.9,90.1,89.9,101.9,102.4,102.0,103.7,104.6,100.6,100.2,130.3,117.2,115.4,143.2,110.7,123.6,119.0,135.0,101.8,94.0,120.2,112.2,114.8,127.2,118.3,115.9,109.9,105.9,132.7,129.2,121.5,106.2,132.4,124.1,100.2,118.6,111.5,117.3,116.0,85.7,101.0,93.8,89.4,127.5,130.7,110.5,141.9,169.9,106.9,119.4,114.9,95.9,123.0,106.3,102.7,110.9,123.3,97.3,124.2,101.1
2024-08-01,141.4,125.0,129.1,109.0,225.9,245.4,93.7,121.7,110.5,282.7,313.6,228.4,202.0,223.2,327.3,191.8,,213.8,134.1,225.4,217.4,,103.2,197.0,60.1,94.6,118.2,146.6,140.0,110.5,102.3,387.8,205.3,150.8,91.2,100.4,170.3,101.2,158.8,125.4,139.3,149.7,175.3,158.4,146.7,94.8,100.0,216.7,102.2,156.2,237.5,154.4,101.2,198.4,141.4,341.2,138.8,244.6,101.6,99.7,93.5,106.9,108.4,105.9,113.2,91.7,99.1,108.1,101.5,112.2,81.0,70.9,90.1,91.3,101.3,102.0,101.4,103.9,104.7,100.6,100.2,130.2,117.5,115.5,142.6,111.0,124.0,118.8,133.9,102.1,94.2,120.5,112.4,115.2,127.5,118.5,117.2,110.0,105.3,124.7,128.7,120.0,105.8,131.8,125.9,100.1,118.3,111.6,117.5,116.0,85.1,101.2,94.2,90.5,119.9,130.7,110.4,141.7,174.8,107.1,119.1,115.0,96.7,122.9,106.5,102.8,110.9,123.5,97.6,124.9,100.8
2024-09-01,140.9,125.3,129.4,109.3,226.6,240.6,93.9,121.9,110.7,262.3,291.5,230.5,203.7,226.2,332.2,191.9,,216.8,136.2,238.6,224.1,,103.4,198.8,60.1,94.8,118.1,146.6,140.7,110.4,102.3,388.6,209.9,153.2,94.5,100.4,167.6,101.3,158.7,125.4,138.1,149.5,174.5,158.3,146.3,95.4,100.3,202.1,102.4,156.7,223.5,154.3,101.2,195.2,141.1,334.7,139.3,231.0,101.6,99.5,93.6,106.9,107.8,105.2,113.5,91.7,99.1,108.1,101.5,112.1,81.0,70.8,90.2,91.3,101.3,102.0,101.2,104.0,104.9,100.5,100.2,130.7,117.0,115.8,142.8,111.6,124.3,118.9,133.1,103.3,95.6,120.8,112.6,115.9,127.5,119.0,117.4,110.2,105.5,116.4,128.4,120.4,106.4,131.5,126.3,103.2,118.2,111.7,117.5,116.4,84.7,101.5,94.4,91.1,112.0,131.2,110.3,142.3,175.0,107.5,119.1,115.5,98.0,122.9,108.7,102.9,110.8,123.6,98.7,125.1,100.9
2024-10-01,141.1,125.6,129.7,109.6,225.2,241.6,94.0,122.2,110.8,259.6,291.4,233.1,206.4,230.1,343.3,191.1,,223.0,152.8,270.2,233.8,,103.7,197.2,59.9,95.1,118.0,146.1,141.4,110.3,102.3,403.9,222.0,154.2,100.4,100.4,168.4,101.6,158.8,125.7,138.4,148.8,174.6,158.7,146.8,95.7,100.9,208.1,102.7,157.0,226.0,154.4,101.8,173.8,141.8,324.4,139.7,233.6,101.6,99.5,93.6,106.9,107.7,105.1,113.4,91.7,99.1,107.8,101.0,112.0,80.9,70.8,90.2,91.3,101.0,100.6,101.2,104.2,105.2,100.6,100.2,130.3,116.6,116.2,141.4,111.9,124.5,118.8,134.8,105.0,98.0,121.0,113.3,116.3,127.5,118.8,117.6,110.2,106.1,117.6,129.8,120.6,106.3,133.0,130.8,101.0,118.6,112.0,118.0,116.5,84.9,101.6,94.4,91.4,113.2,131.2,109.9,142.1,175.9,107.8,120.2,115.1,97.9,122.4,109.1,103.3,110.6,123.7,100.6,125.3,100.9
2024-11-01,141.3,125.7,129.8,109.5,228.7,242.2,93.8,122.0,110.8,262.4,286.4,232.7,206.7,230.2,340.3,190.7,,226.0,146.9,260.5,234.9,,103.5,200.4,58.9,95.1,118.0,146.5,141.4,110.1,102.3,418.7,235.4,153.6,102.5,100.4,168.3,101.4,158.7,125.1,138.5,149.4,174.9,158.9,146.8,95.6,100.5,210.5,102.8,156.8,226.4,154.2,102.0,178.2,142.0,326.8,139.7,233.2,101.7,99.4,93.5,107.1,107.7,105.2,113.3,91.7,99.1,107.5,100.6,111.5,80.9,70.7,90.2,92.9,100.5,99.3,100.9,104.4,105.3,100.9,100.3,130.2,116.6,116.0,142.2,111.1,124.5,119.1,133.5,104.2,97.1,120.8,113.9,115.5,127.3,119.2,117.8,110.0,106.1,118.4,129.7,120.8,106.0,132.9,123.1,99.5,118.5,111.8,117.7,116.7,84.8,101.4,93.9,91.3,113.8,131.6,110.0,143.2,178.9,107.3,118.1,115.0,96.7,122.8,107.6,104.2,110.6,123.6,99.9,125.7,100.8
2024-12-01,141.4,125.9,129.8,109.3,235.5,242.8,93.4,121.9,110.7,265.6,286.8,232.3,207.6,228.8,335.0,190.4,,228.4,139.3,266.3,224.1,,103.3,203.0,58.6,94.8,118.0,146.4,140.9,109.8,102.3,462.8,256.0,157.1,100.0,100.3,170.3,101.2,158.5,124.5,138.8,150.2,175.6,158.1,147.2,94.9,100.5,206.7,102.7,156.3,237.0,154.1,101.9,192.5,141.3,347.3,139.4,243.7,102.0,99.7,93.4,107.1,108.0,105.4,114.0,91.4,99.0,107.3,100.2,111.5,80.8,70.7,90.2,93.9,100.1,98.0,100.8,104.1,105.1,101.0,100.5,129.7,117.0,115.6,142.4,110.3,124.3,118.9,132.0,103.1,96.1,120.6,114.4,114.5,127.4,118.7,116.3,109.9,106.4,124.6,129.9,120.4,105.5,133.0,124.3,98.5,117.8,111.2,117.4,116.0,84.6,101.3,93.9,90.8,119.6,131.7,110.1,144.0,178.4,106.6,118.2,114.8,96.3,122.7,105.9,103.4,110.6,123.5,99.2,124.5,101.2
2025-01-01,141.8,126.0,129.8,109.3,236.0,246.3,93.5,121.8,110.3,273.5,299.2,233.5,209.3,227.5,332.7,190.3,100.0,225.2,142.2,246.9,221.6,100.0,102.3,208.1,58.4,94.4,117.7,144.8,141.6,110.3,100.4,466.1,246.6,166.8,100.7,99.9,173.3,101.9,157.0,125.4,137.6,150.1,176.8,156.3,147.4,94.8,101.0,211.0,102.7,156.4,250.8,152.7,102.3,184.0,141.9,354.1,138.7,257.8,102.2,99.2,92.9,107.0,108.2,104.9,113.6,90.8,98.4,107.5,99.9,111.7,79.8,68.9,90.2,93.9,99.9,96.7,100.7,105.4,104.9,101.0,100.4,128.9,114.4,115.6,142.7,107.8,122.1,116.7,131.5,102.5,95.7,120.7,114.3,114.6,128.0,118.3,120.3,109.4,106.1,132.1,131.1,121.2,105.2,134.4,121.0,99.3,117.2,112.4,118.1,116.0,86.6,101.8,94.0,90.8,126.7,132.5,108.4,145.9,178.3,105.0,114.2,113.6,95.1,121.1,105.8,103.6,109.4,124.9,99.1,126.7,100.9
2025-02-01,142.1,126.2,130.0,109.4,236.1,249.7,93.4,121.8,110.1,277.8,303.8,236.4,212.4,231.2,341.1,189.9,99.6,227.7,143.0,244.3,229.4,100.2,103.7,209.9,58.4,94.1,117.6,144.5,141.4,110.3,100.4,492.4,259.7,166.5,109.9,99.8,174.8,102.3,157.6,126.3,140.0,150.7,177.6,157.7,147.9,96.4,100.9,210.6,102.8,156.5,257.9,153.3,102.6,184.9,142.5,356.4,138.8,264.8,102.9,100.1,92.6,106.4,109.4,105.7,115.2,91.5,99.0,107.9,101.3,111.5,78.8,67.2,90.3,92.9,99.9,96.5,100.4,105.2,104.6,101.4,101.4,128.5,115.1,115.9,142.3,105.5,122.9,116.1,131.1,104.4,97.8,121.1,114.3,115.8,128.5,118.3,119.9,109.6,106.4,136.2,131.1,120.5,105.6,133.5,119.1,99.9,117.1,112.9,118.0,116.3,86.5,102.2,93.9,90.5,130.8,133.0,107.8,146.0,179.9,104.3,113.1,112.9,91.0,120.7,104.8,103.8,109.3,125.2,100.1,126.4,101.1
2025-03-01,141.6,126.0,129.9,109.3,235.8,246.6,93.6,121.7,109.6,268.3,296.4,236.6,211.2,231.9,345.6,181.9,97.9,230.6,152.9,240.9,230.9,99.8,100.0,206.4,58.4,94.0,116.5,144.2,141.5,110.5,100.4,543.9,299.5,167.7,114.1,99.3,171.6,102.2,157.1,126.3,140.1,150.1,176.7,160.9,147.4,95.9,100.9,208.1,102.5,155.5,245.6,152.8,102.5,179.3,142.3,347.7,139.0,252.6,102.0,99.6,92.2,105.2,109.2,104.7,114.4,91.2,98.9,107.6,102.4,110.2,77.9,65.4,90.2,93.6,101.5,96.8,100.2,105.5,104.5,100.9,100.8,129.0,114.2,115.9,143.4,105.2,121.9,115.8,131.8,102.5,97.0,121.3,114.3,116.5,128.4,118.8,119.9,109.2,107.0,129.6,129.7,117.6,105.9,132.5,118.4,98.3,116.7,112.9,118.3,116.3,87.4,101.8,94.0,90.4,124.5,132.9,107.4,146.2,180.0,104.1,112.8,113.2,92.6,120.5,101.7,102.4,109.3,126.5,100.5,126.6,101.1
2025-04-01,141.7,126.3,130.3,109.7,235.5,244.9,94.2,121.6,109.8,261.3,290.2,237.6,211.6,234.2,351.5,183.5,97.3,224.4,158.5,230.7,241.7,99.4,99.3,212.4,62.2,94.1,115.5,146.0,141.8,110.8,100.4,558.2,322.9,165.8,122.1,98.5,171.5,102.1,157.0,125.6,140.9,149.6,176.3,160.0,147.5,95.7,102.8,207.7,102.4,156.7,240.9,152.7,102.4,174.9,142.2,342.1,139.4,247.5,99.0,98.0,91.8,102.2,105.9,102.5,113.4,88.9,96.3,106.5,99.0,110.1,77.6,65.0,90.2,93.7,101.6,99.1,100.2,105.2,104.4,99.9,100.0,129.2,114.2,115.7,144.2,104.7,121.8,116.3,131.8,102.9,96.9,122.3,114.5,117.4,129.3,119.5,120.1,107.3,107.5,126.9,129.8,118.7,106.7,132.2,120.0,100.5,116.1,112.3,119.0,117.4,85.6,102.0,94.8,89.9,121.8,132.6,107.8,146.0,183.7,103.6,112.9,114.0,90.0,122.6,104.2,101.0,108.4,127.1,102.2,126.1,101.5
2025-05-01,141.1,126.2,130.3,109.7,233.8,240.7,94.4,121.7,109.5,248.2,270.5,238.0,211.4,233.9,350.6,181.2,96.7,214.0,153.4,231.2,242.0,97.8,99.7,216.4,62.2,94.2,114.1,146.6,143.1,110.9,100.4,564.3,322.2,160.6,125.6,97.8,167.7,102.0,157.6,126.8,140.4,149.4,175.6,157.8,146.7,95.1,102.9,203.8,102.0,156.4,223.5,153.3,102.6,168.9,142.3,330.9,139.8,230.0,97.4,96.2,91.4,99.3,105.1,102.3,111.0,86.7,93.5,104.2,93.9,110.0,77.3,64.6,90.3,92.0,101.6,99.4,100.0,105.4,105.4,99.4,99.7,128.7,114.3,116.5,145.2,103.5,121.8,117.2,132.0,103.2,98.0,123.5,115.1,118.8,131.0,121.0,120.4,107.9,107.7,117.0,130.9,117.8,106.6,133.1,119.8,100.3,117.3,113.3,121.0,119.6,85.7,101.8,93.7,90.7,112.5,132.2,108.1,146.3,184.6,101.9,112.4,114.4,89.0,123.3,103.9,101.4,108.5,127.3,101.5,127.3,102.2
2025-06-01,140.9,125.9,129.9,109.6,230.7,240.2,94.4,121.6,109.6,250.1,275.2,236.2,209.3,232.9,350.6,181.5,95.3,205.7,155.6,223.6,249.1,97.2,97.8,218.6,62.3,94.2,115.2,146.4,143.1,111.3,100.4,545.1,318.7,159.9,129.0,97.8,167.5,101.9,157.5,126.4,140.0,149.5,176.1,161.8,146.7,95.1,102.7,203.1,101.6,155.9,224.6,153.2,102.5,170.9,142.2,338.2,139.6,231.0,96.5,97.7,91.3,99.0,103.4,100.8,115.2,87.6,93.7,103.3,92.7,110.4,77.1,64.1,90.8,91.8,101.6,99.7,100.0,107.4,106.2,98.8,99.1,128.5,114.2,116.5,145.2,100.0,121.7,117.0,132.9,103.8,96.6,123.9,115.6,119.2,130.9,121.7,120.1,107.1,108.2,117.5,132.3,116.9,106.1,135.8,118.7,98.6,117.9,113.3,120.8,120.5,85.4,101.8,93.9,90.2,112.9,132.7,107.3,147.2,189.1,99.2,111.3,113.7,87.4,123.2,104.2,101.3,108.5,127.4,101.4,126.1,102.0
2025-07-01,141.5,126.3,130.3,109.9,230.5,244.0,94.5,121.3,110.0,256.9,282.3,238.5,212.0,235.6,353.4,178.7,94.0,203.0,160.2,227.3,277.9,97.8,98.3,222.9,62.2,94.3,116.6,146.8,143.8,111.7,100.4,525.3,311.6,158.9,124.6,98.0,168.5,102.4,159.1,127.8,142.1,150.7,177.2,163.2,147.9,94.7,103.0,204.6,101.9,155.9,229.1,154.7,103.0,178.2,143.0,343.7,140.6,235.0,98.2,98.4,91.3,100.3,107.4,102.2,117.1,88.4,95.3,100.3,88.1,110.2,77.1,64.1,90.6,89.4,102.3,99.6,101.8,107.0,105.7,99.5,99.7,129.1,115.8,117.3,145.7,98.2,123.6,117.7,137.2,109.4,103.5,124.3,116.0,119.9,130.9,122.4,117.4,107.4,109.7,120.0,133.8,119.0,105.1,137.3,122.1,99.8,117.3,113.8,119.3,120.9,87.2,102.1,95.1,90.5,115.2,133.6,108.7,148.1,193.0,98.4,113.8,114.8,90.2,124.0,105.6,101.1,107.4,127.6,106.2,123.9,102.9
