date,total,ex_auto,ex_gas,ex_auto_gas,retail_only,motor_vehicles,furniture,electronics,building_materials,food_beverage,health_care,gasoline,clothing,sporting_goods,general_merchandise,misc_retailers,nonstore_ecommerce,food_services
1992-01-31,159177.0,126498.0,146525.0,113846.0,142419.0,32679.0,4087.0,3743.0,10698.0,29841.0,7313.0,11918.0,9459.0,3103.0,19813.0,3615.0,5416.0,16758.0
1992-02-29,159189.0,126383.0,146790.0,113984.0,142584.0,32806.0,4177.0,3782.0,10842.0,29766.0,7364.0,11407.0,9444.0,3228.0,20069.0,3611.0,5096.0,16605.0
1992-03-31,158647.0,126194.0,146197.0,113744.0,142120.0,32453.0,4172.0,3773.0,10876.0,29755.0,7356.0,12089.0,9325.0,3249.0,20057.0,3616.0,5038.0,16527.0
1992-04-30,159921.0,126970.0,147414.0,114463.0,143659.0,32951.0,4182.0,3835.0,10666.0,29950.0,7423.0,12257.0,9610.0,3278.0,20192.0,3693.0,5372.0,16262.0
1992-05-31,160471.0,127274.0,147792.0,114595.0,144239.0,33197.0,4159.0,3850.0,10657.0,30073.0,7395.0,13250.0,9477.0,3305.0,20228.0,3646.0,5573.0,16232.0
1992-06-30,161205.0,127293.0,148509.0,114597.0,145273.0,33912.0,4239.0,3843.0,10715.0,30074.0,7323.0,13229.0,9622.0,3357.0,20128.0,3684.0,5680.0,15932.0
1992-07-31,162855.0,128256.0,150054.0,115455.0,146743.0,34599.0,4195.0,3993.0,10660.0,30427.0,7194.0,13671.0,9709.0,3372.0,20154.0,3764.0,5875.0,16112.0
1992-08-31,162412.0,129253.0,149510.0,116351.0,146070.0,33159.0,4202.0,3922.0,10792.0,30353.0,7471.0,13624.0,9886.0,3359.0,20523.0,3757.0,5744.0,16342.0
1992-09-30,164361.0,129319.0,151358.0,116316.0,147932.0,35042.0,4182.0,3952.0,10881.0,30192.0,7322.0,12951.0,9833.0,3383.0,20583.0,3827.0,5732.0,16429.0
1992-10-31,166063.0,130889.0,152923.0,117749.0,149346.0,35174.0,4130.0,4031.0,10845.0,30724.0,7452.0,13468.0,9904.0,3413.0,20792.0,4038.0,5703.0,16717.0
1992-11-30,166124.0,131160.0,152928.0,117964.0,149131.0,34964.0,4193.0,4016.0,10723.0,30347.0,7410.0,12879.0,9824.0,3400.0,21114.0,4240.0,5704.0,16993.0
1992-12-31,167691.0,132128.0,154456.0,118893.0,150578.0,35563.0,4260.0,4112.0,10729.0,30306.0,7371.0,13301.0,9991.0,3463.0,21645.0,4265.0,5638.0,17113.0
1993-01-31,169500.0,133412.0,156257.0,120169.0,152329.0,36088.0,4468.0,4281.0,11217.0,30313.0,7437.0,12356.0,10278.0,3493.0,21233.0,4539.0,5739.0,17171.0
1993-02-28,168840.0,133092.0,155427.0,119679.0,151742.0,35748.0,4339.0,4208.0,11343.0,30549.0,7566.0,11897.0,9889.0,3400.0,21327.0,4149.0,5811.0,17098.0
1993-03-31,167682.0,132443.0,154387.0,119148.0,150525.0,35239.0,4304.0,4265.0,11111.0,30382.0,7509.0,12989.0,9601.0,3455.0,21225.0,4102.0,6037.0,17157.0
1993-04-30,172102.0,134384.0,158700.0,120982.0,154720.0,37718.0,4392.0,4322.0,11366.0,30543.0,7595.0,13201.0,10017.0,3536.0,21677.0,4269.0,5883.0,17382.0
1993-05-31,172960.0,135168.0,159615.0,121823.0,155537.0,37792.0,4473.0,4359.0,11599.0,30545.0,7591.0,13906.0,10089.0,3536.0,21923.0,4204.0,6081.0,17423.0
1993-06-30,173018.0,135093.0,159768.0,121843.0,155353.0,37925.0,4446.0,4441.0,11571.0,30435.0,7599.0,13820.0,10071.0,3509.0,21822.0,4392.0,5892.0,17665.0
1993-07-31,175822.0,136477.0,162467.0,123122.0,158267.0,39345.0,4473.0,4490.0,11656.0,30905.0,7672.0,14263.0,10290.0,3540.0,22217.0,4310.0,6014.0,17555.0
1993-08-31,175233.0,135944.0,162053.0,122764.0,157425.0,39289.0,4480.0,4488.0,11757.0,30371.0,7610.0,13944.0,10094.0,3544.0,22219.0,4353.0,6040.0,17808.0
1993-09-30,176608.0,137233.0,163371.0,123996.0,158535.0,39375.0,4468.0,4579.0,11632.0,30595.0,7673.0,13211.0,10263.0,3561.0,22415.0,4424.0,6313.0,18073.0
1993-10-31,177588.0,137934.0,163974.0,124320.0,159773.0,39654.0,4499.0,4546.0,11801.0,30714.0,7686.0,13791.0,10162.0,3556.0,22570.0,4625.0,6346.0,17815.0
1993-11-30,179758.0,138617.0,166169.0,125028.0,162004.0,41141.0,4528.0,4598.0,12198.0,30752.0,7692.0,13358.0,10174.0,3650.0,22669.0,4413.0,6600.0,17754.0
1993-12-31,181077.0,139138.0,167587.0,125648.0,163258.0,41939.0,4523.0,4638.0,12190.0,30838.0,7851.0,13571.0,10208.0,3666.0,22883.0,4594.0,6438.0,17819.0
1994-01-31,179615.0,138384.0,166105.0,124874.0,162369.0,41231.0,4420.0,4713.0,12185.0,30766.0,7806.0,12564.0,10165.0,3715.0,22562.0,4547.0,6749.0,17246.0
1994-02-28,183101.0,140389.0,169388.0,126676.0,165075.0,42712.0,4608.0,4803.0,12170.0,31016.0,7648.0,12150.0,10314.0,3807.0,23049.0,4540.0,6695.0,18026.0
1994-03-31,186721.0,142940.0,172999.0,129218.0,168330.0,43781.0,4734.0,4901.0,12624.0,31143.0,7829.0,13489.0,10502.0,3839.0,23601.0,4875.0,6779.0,18391.0
1994-04-30,186423.0,142587.0,172701.0,128865.0,168262.0,43836.0,4747.0,4976.0,13070.0,31293.0,7764.0,13489.0,10215.0,3791.0,23284.0,4681.0,6883.0,18161.0
1994-05-31,185616.0,142378.0,172026.0,128788.0,167412.0,43238.0,4804.0,5020.0,12910.0,31125.0,7856.0,14188.0,10111.0,3862.0,23180.0,4938.0,6778.0,18204.0
1994-06-30,187800.0,144275.0,173898.0,130373.0,169337.0,43525.0,4832.0,5147.0,12825.0,31509.0,7926.0,14555.0,10324.0,3904.0,23626.0,4902.0,6915.0,18463.0
1994-07-31,188062.0,145012.0,173886.0,130836.0,169514.0,43050.0,4877.0,5206.0,13017.0,31329.0,8005.0,14970.0,10377.0,3904.0,23484.0,5098.0,6991.0,18548.0
1994-08-31,190771.0,146595.0,176274.0,132098.0,172332.0,44176.0,4992.0,5270.0,13137.0,31545.0,8048.0,15425.0,10545.0,4011.0,23816.0,5172.0,7123.0,18439.0
1994-09-30,192585.0,147260.0,178052.0,132727.0,174018.0,45325.0,5002.0,5343.0,13245.0,31850.0,8086.0,14562.0,10403.0,4043.0,23950.0,5224.0,7014.0,18567.0
1994-10-31,193914.0,148228.0,179349.0,133663.0,175309.0,45686.0,5082.0,5505.0,13441.0,31606.0,8134.0,14696.0,10701.0,4080.0,24216.0,5173.0,7120.0,18605.0
1994-11-30,194425.0,148131.0,179749.0,133455.0,175761.0,46294.0,5020.0,5601.0,13300.0,31624.0,8103.0,14382.0,10641.0,3968.0,24265.0,5233.0,7036.0,18664.0
1994-12-31,194939.0,149169.0,180182.0,134412.0,176168.0,45770.0,5076.0,5697.0,13530.0,31789.0,8173.0,14846.0,10662.0,4001.0,24443.0,5175.0,7095.0,18771.0
1995-01-31,195908.0,149915.0,181179.0,135186.0,177136.0,45993.0,5103.0,5714.0,13636.0,31844.0,8211.0,13727.0,10601.0,4334.0,24702.0,5180.0,7089.0,18772.0
1995-02-28,193068.0,148251.0,178276.0,133459.0,174560.0,44817.0,4919.0,5680.0,13555.0,31725.0,8217.0,13076.0,10320.0,4004.0,24082.0,5277.0,7172.0,18508.0
1995-03-31,195179.0,149356.0,180365.0,134542.0,176376.0,45823.0,4957.0,5679.0,13469.0,31850.0,8206.0,14607.0,10558.0,3988.0,24621.0,5315.0,7096.0,18803.0
1995-04-30,195310.0,149678.0,180470.0,134838.0,176353.0,45632.0,5015.0,5664.0,13356.0,31642.0,8374.0,14484.0,10476.0,4080.0,24629.0,5404.0,7241.0,18957.0
1995-05-31,198060.0,150931.0,182996.0,135867.0,179020.0,47129.0,5057.0,5800.0,13281.0,31873.0,8321.0,15787.0,10646.0,4152.0,24770.0,5493.0,7434.0,19040.0
1995-06-30,200383.0,151677.0,185143.0,136437.0,181382.0,48706.0,5053.0,5826.0,13407.0,32052.0,8390.0,16048.0,10654.0,4152.0,25105.0,5422.0,7375.0,19001.0
1995-07-31,199110.0,151778.0,184010.0,136678.0,180019.0,47332.0,5157.0,5816.0,13524.0,31828.0,8351.0,15900.0,10527.0,4195.0,25251.0,5507.0,7431.0,19091.0
1995-08-31,201078.0,152226.0,186055.0,137203.0,181787.0,48852.0,5134.0,6004.0,13510.0,31930.0,8383.0,16060.0,10483.0,4129.0,25126.0,5614.0,7599.0,19291.0
1995-09-30,201337.0,153644.0,186274.0,138581.0,182074.0,47693.0,5249.0,6011.0,13740.0,32018.0,8552.0,15048.0,10902.0,4197.0,25356.0,5539.0,7754.0,19263.0
1995-10-31,200597.0,152316.0,185747.0,137466.0,181411.0,48281.0,5269.0,6063.0,13825.0,31830.0,8483.0,15013.0,10541.0,4075.0,25039.0,5561.0,7594.0,19186.0
1995-11-30,203545.0,154548.0,188706.0,139709.0,184327.0,48997.0,5319.0,6139.0,13968.0,32087.0,8593.0,14542.0,10980.0,4316.0,25490.0,5587.0,8012.0,19218.0
1995-12-31,204032.0,155527.0,188914.0,140409.0,184841.0,48505.0,5276.0,6159.0,14248.0,32236.0,8664.0,15042.0,10839.0,4308.0,25433.0,5700.0,8355.0,19191.0
1996-01-31,203793.0,154263.0,188491.0,138961.0,184636.0,49530.0,5143.0,6064.0,13944.0,32352.0,8456.0,14338.0,10790.0,4676.0,24914.0,5420.0,8045.0,19157.0
1996-02-29,206875.0,155584.0,191562.0,140271.0,187576.0,51291.0,5176.0,6115.0,13900.0,32338.0,8669.0,14027.0,11045.0,4357.0,25570.0,5529.0,8273.0,19299.0
1996-03-31,207650.0,157137.0,191831.0,141318.0,188237.0,50513.0,5393.0,6241.0,14056.0,32389.0,8920.0,15471.0,11035.0,4351.0,25489.0,5625.0,8406.0,19413.0
1996-04-30,209294.0,158564.0,193192.0,142462.0,189778.0,50730.0,5427.0,6240.0,14330.0,32542.0,8798.0,15877.0,11056.0,4279.0,25938.0,5890.0,8446.0,19516.0
1996-05-31,211157.0,159585.0,194774.0,143202.0,191544.0,51572.0,5402.0,6286.0,14291.0,32567.0,8982.0,17268.0,11213.0,4146.0,26232.0,6095.0,8375.0,19613.0
1996-06-30,209474.0,159391.0,193301.0,143218.0,189960.0,50083.0,5497.0,6227.0,14735.0,32555.0,9003.0,16804.0,10980.0,4163.0,25985.0,6108.0,8451.0,19514.0
1996-07-31,210827.0,159617.0,194911.0,143701.0,191113.0,51210.0,5521.0,6106.0,14739.0,32776.0,9023.0,16887.0,10990.0,4179.0,26059.0,6111.0,8483.0,19714.0
1996-08-31,210846.0,160665.0,194893.0,144712.0,191139.0,50181.0,5469.0,6181.0,14827.0,33105.0,9137.0,17118.0,11077.0,4362.0,26414.0,5985.0,8448.0,19707.0
1996-09-30,213233.0,161368.0,197269.0,145404.0,193303.0,51865.0,5576.0,6279.0,14838.0,32717.0,9113.0,15836.0,11238.0,4378.0,26585.0,6053.0,8697.0,19930.0
1996-10-31,215526.0,162922.0,199337.0,146733.0,195420.0,52604.0,5591.0,6257.0,14878.0,33112.0,9251.0,16529.0,11206.0,4487.0,26869.0,6156.0,8820.0,20106.0
1996-11-30,215167.0,163871.0,198653.0,147357.0,194860.0,51296.0,5584.0,6189.0,15095.0,33283.0,9345.0,16101.0,11036.0,4471.0,26623.0,6175.0,9249.0,20307.0
1996-12-31,215690.0,164077.0,199152.0,147539.0,195318.0,51613.0,5575.0,6134.0,14753.0,32884.0,9392.0,16439.0,11081.0,4778.0,27046.0,6193.0,9331.0,20372.0
1997-01-31,218124.0,165069.0,201268.0,148213.0,197447.0,53055.0,5639.0,5974.0,15044.0,33435.0,9347.0,15828.0,11243.0,4471.0,27132.0,6331.0,8920.0,20677.0
1997-02-28,219587.0,166268.0,202737.0,149418.0,198891.0,53319.0,5669.0,6226.0,15459.0,33312.0,9546.0,14794.0,11164.0,4471.0,27198.0,6566.0,9111.0,20696.0
1997-03-31,221189.0,168000.0,204352.0,151163.0,200352.0,53189.0,5725.0,6240.0,16000.0,33564.0,9861.0,16433.0,11380.0,4540.0,27249.0,6549.0,9218.0,20837.0
1997-04-30,217925.0,165632.0,201473.0,149180.0,197212.0,52293.0,5788.0,6348.0,15434.0,33334.0,9432.0,16238.0,10715.0,4567.0,27093.0,6405.0,9351.0,20713.0
1997-05-31,217771.0,166535.0,201466.0,150230.0,196937.0,51236.0,5813.0,6268.0,15654.0,33510.0,9637.0,17185.0,11088.0,4641.0,27291.0,6185.0,9309.0,20834.0
1997-06-30,220233.0,167373.0,203963.0,151103.0,199311.0,52860.0,5841.0,6305.0,15783.0,33162.0,9804.0,16921.0,11310.0,4677.0,27457.0,6445.0,9397.0,20922.0
1997-07-31,222985.0,168610.0,206742.0,152367.0,201751.0,54375.0,5850.0,6387.0,15799.0,33498.0,9827.0,17347.0,11365.0,4623.0,27865.0,6464.0,9455.0,21234.0
1997-08-31,223120.0,169306.0,206548.0,152734.0,201892.0,53814.0,5958.0,6407.0,15917.0,33654.0,9876.0,17599.0,11527.0,4408.0,27926.0,6507.0,9326.0,21228.0
1997-09-30,224509.0,170143.0,207878.0,153512.0,202992.0,54366.0,5975.0,6392.0,16159.0,33580.0,9987.0,16664.0,11507.0,4516.0,27714.0,6649.0,9516.0,21517.0
1997-10-31,224300.0,170457.0,207652.0,153809.0,203055.0,53843.0,5960.0,6432.0,16096.0,33789.0,9947.0,17031.0,11628.0,4538.0,28171.0,6625.0,9378.0,21245.0
1997-11-30,223718.0,170153.0,207225.0,153660.0,202778.0,53565.0,6069.0,6478.0,15964.0,33641.0,10119.0,15883.0,11594.0,4646.0,28015.0,6664.0,9530.0,20940.0
1997-12-31,225236.0,170490.0,208944.0,154198.0,203837.0,54746.0,6115.0,6509.0,16189.0,33408.0,10080.0,16243.0,11789.0,4660.0,27872.0,6803.0,9374.0,21399.0
1998-01-31,225954.0,171713.0,209824.0,155583.0,204505.0,54241.0,6184.0,6624.0,16263.0,33630.0,10302.0,15114.0,11823.0,4651.0,28296.0,7067.0,9294.0,21449.0
1998-02-28,225746.0,172197.0,209822.0,156273.0,204207.0,53549.0,6142.0,6661.0,16342.0,33435.0,10271.0,13949.0,11884.0,4777.0,28692.0,6965.0,9565.0,21539.0
1998-03-31,226889.0,172008.0,211330.0,156449.0,205311.0,54881.0,6149.0,6625.0,16386.0,33543.0,10247.0,15232.0,11739.0,4781.0,28679.0,7042.0,9680.0,21578.0
1998-04-30,230409.0,173839.0,214727.0,158157.0,208683.0,56570.0,6165.0,6651.0,16601.0,33811.0,10480.0,15557.0,12136.0,4826.0,29102.0,6939.0,9720.0,21726.0
1998-05-31,230995.0,174527.0,215055.0,158587.0,209165.0,56468.0,6157.0,6692.0,16609.0,33849.0,10553.0,16641.0,11953.0,4814.0,28993.0,7053.0,10084.0,21830.0
1998-06-30,233207.0,174821.0,217406.0,159020.0,211222.0,58386.0,6227.0,6752.0,16569.0,33977.0,10534.0,16591.0,12069.0,4795.0,29063.0,7108.0,9941.0,21985.0
1998-07-31,231551.0,176263.0,215555.0,160267.0,209658.0,55288.0,6246.0,6820.0,16662.0,34262.0,10706.0,17148.0,12289.0,4792.0,29103.0,7216.0,10278.0,21893.0
1998-08-31,229792.0,176400.0,214059.0,160667.0,207737.0,53392.0,6239.0,6928.0,16710.0,34246.0,10942.0,16677.0,12160.0,4774.0,29200.0,7297.0,10116.0,22055.0
1998-09-30,232308.0,176388.0,216675.0,160755.0,210112.0,55920.0,6222.0,6811.0,16800.0,34307.0,10831.0,15727.0,11847.0,4784.0,29477.0,7390.0,10090.0,22196.0
1998-10-31,236174.0,178401.0,220312.0,162539.0,213794.0,57773.0,6310.0,6802.0,17062.0,34617.0,10987.0,16274.0,12242.0,4806.0,29614.0,7430.0,10289.0,22380.0
1998-11-30,237592.0,179263.0,221676.0,163347.0,215194.0,58329.0,6452.0,6804.0,17194.0,34440.0,11094.0,15248.0,12443.0,4787.0,29996.0,7414.0,10325.0,22398.0
1998-12-31,240140.0,180637.0,224070.0,164567.0,217396.0,59503.0,6504.0,6809.0,17465.0,34874.0,11166.0,15990.0,12375.0,4879.0,29948.0,7610.0,10193.0,22744.0
1999-01-31,240269.0,181548.0,223988.0,165267.0,217930.0,58721.0,6434.0,6861.0,17539.0,34689.0,11322.0,14995.0,12565.0,5002.0,30555.0,7498.0,10463.0,22339.0
1999-02-28,243346.0,183385.0,227128.0,167167.0,220769.0,59961.0,6565.0,6876.0,17812.0,35071.0,11347.0,14158.0,12613.0,4997.0,31024.0,7638.0,10647.0,22577.0
1999-03-31,244687.0,184025.0,228269.0,167607.0,222199.0,60662.0,6633.0,6973.0,17610.0,35047.0,11451.0,16172.0,12757.0,4992.0,31289.0,7582.0,10785.0,22488.0
1999-04-30,246628.0,185446.0,229575.0,168393.0,223837.0,61182.0,6585.0,7026.0,17698.0,35435.0,11449.0,17070.0,12765.0,5002.0,31015.0,7611.0,11016.0,22791.0
1999-05-31,248367.0,186516.0,231343.0,169492.0,225577.0,61851.0,6687.0,7108.0,17773.0,35426.0,11624.0,17773.0,13016.0,5029.0,31183.0,7583.0,11273.0,22790.0
1999-06-30,249329.0,186876.0,232434.0,169981.0,226474.0,62453.0,6778.0,7132.0,17815.0,35176.0,11695.0,17790.0,12960.0,5067.0,31632.0,7536.0,11335.0,22855.0
1999-07-31,251263.0,188256.0,233624.0,170617.0,228424.0,63007.0,6750.0,7252.0,18029.0,35666.0,11740.0,18980.0,12945.0,5028.0,31511.0,7413.0,11444.0,22839.0
1999-08-31,253844.0,189315.0,235838.0,171309.0,230902.0,64529.0,6947.0,7139.0,18217.0,35315.0,11705.0,19140.0,13029.0,5031.0,31723.0,7578.0,11683.0,22942.0
1999-09-30,255029.0,191225.0,236802.0,172998.0,231912.0,63804.0,7065.0,7257.0,17905.0,35918.0,11840.0,18428.0,13128.0,5099.0,32260.0,7614.0,11795.0,23117.0
1999-10-31,254816.0,192306.0,236279.0,173769.0,231254.0,62510.0,7132.0,7295.0,18467.0,35577.0,12037.0,18834.0,13054.0,5160.0,31979.0,7655.0,11851.0,23562.0
1999-11-30,258133.0,193342.0,239272.0,174481.0,234425.0,64791.0,7074.0,7102.0,18870.0,35655.0,12094.0,18107.0,13061.0,5172.0,31827.0,8053.0,11865.0,23708.0
1999-12-31,263311.0,198600.0,243493.0,178782.0,239589.0,64711.0,7079.0,7347.0,18947.0,37044.0,12624.0,19521.0,13303.0,5198.0,32854.0,8349.0,12315.0,23722.0
2000-01-31,261545.0,195603.0,242294.0,176352.0,237541.0,65942.0,7292.0,7462.0,19412.0,34913.0,12246.0,17576.0,12986.0,5156.0,32160.0,8127.0,12594.0,24004.0
2000-02-29,265686.0,197780.0,245626.0,177720.0,241541.0,67906.0,7341.0,7506.0,19078.0,35305.0,12194.0,18174.0,13152.0,5231.0,32459.0,8172.0,13137.0,24145.0
2000-03-31,269019.0,201690.0,248211.0,180882.0,244533.0,67329.0,7376.0,7501.0,19905.0,36003.0,12403.0,20683.0,13477.0,5338.0,33198.0,8169.0,13026.0,24486.0
2000-04-30,264067.0,200086.0,244306.0,180325.0,239552.0,63981.0,7523.0,7712.0,18880.0,36297.0,12626.0,19642.0,13428.0,5393.0,32701.0,8076.0,13174.0,24515.0
2000-05-31,265992.0,200582.0,245992.0,180582.0,241546.0,65410.0,7469.0,7468.0,18855.0,36068.0,12655.0,21080.0,13644.0,5453.0,33293.0,7826.0,13405.0,24446.0
2000-06-30,267750.0,202008.0,246918.0,181176.0,243226.0,65742.0,7368.0,7234.0,18696.0,36679.0,12711.0,22103.0,13557.0,5412.0,33436.0,7826.0,13733.0,24524.0
2000-07-31,265683.0,202232.0,244887.0,181436.0,240979.0,63451.0,7544.0,7306.0,18844.0,36353.0,12845.0,22127.0,13379.0,5506.0,33504.0,7795.0,13656.0,24704.0
2000-08-31,266885.0,202434.0,246475.0,182024.0,242318.0,64451.0,7470.0,7338.0,18770.0,36537.0,12874.0,22002.0,13690.0,5376.0,33737.0,7752.0,13913.0,24567.0
2000-09-30,270523.0,205788.0,249284.0,184549.0,245520.0,64735.0,7464.0,7423.0,18776.0,36785.0,13149.0,21536.0,14120.0,5502.0,33974.0,7959.0,14394.0,25003.0
2000-10-31,270339.0,205319.0,249057.0,184037.0,245399.0,65020.0,7552.0,7311.0,18848.0,36727.0,13116.0,21580.0,13807.0,5347.0,34172.0,7948.0,14269.0,24940.0
2000-11-30,268850.0,205905.0,247076.0,184131.0,243846.0,62945.0,7353.0,7189.0,18554.0,37028.0,13194.0,20772.0,13947.0,5306.0,34405.0,7807.0,14344.0,25004.0
2000-12-31,268338.0,206882.0,246553.0,185097.0,243844.0,61456.0,7015.0,7213.0,19176.0,37391.0,13414.0,20979.0,13750.0,5315.0,34396.0,7684.0,15249.0,24494.0
2001-01-31,272881.0,207847.0,251082.0,186048.0,247339.0,65034.0,7578.0,7214.0,19089.0,37215.0,13235.0,19968.0,13772.0,5286.0,35330.0,7613.0,14174.0,25542.0
2001-02-28,272627.0,207605.0,251093.0,186071.0,247289.0,65022.0,7396.0,7180.0,19582.0,37628.0,13421.0,18821.0,13840.0,5446.0,34529.0,7744.0,13967.0,25338.0
2001-03-31,269820.0,205633.0,249171.0,184984.0,244514.0,64187.0,7335.0,7109.0,19289.0,37681.0,13496.0,20670.0,13392.0,5438.0,33977.0,7947.0,14014.0,25306.0
2001-04-30,274410.0,208765.0,252857.0,187212.0,249113.0,65645.0,7348.0,7076.0,20302.0,37595.0,13518.0,21531.0,13920.0,5383.0,35261.0,7599.0,13913.0,25297.0
2001-05-31,275769.0,209255.0,253447.0,186933.0,250250.0,66514.0,7344.0,7002.0,19907.0,37906.0,13639.0,23706.0,13524.0,5381.0,35229.0,7792.0,13690.0,25519.0
2001-06-30,274474.0,209007.0,252617.0,187150.0,248836.0,65467.0,7402.0,7090.0,19839.0,38005.0,13727.0,23103.0,13476.0,5424.0,35038.0,7737.0,13774.0,25638.0
2001-07-31,273098.0,208248.0,252555.0,187705.0,247336.0,64850.0,7476.0,7164.0,19721.0,37742.0,13724.0,21940.0,13590.0,5421.0,35686.0,7739.0,13680.0,25762.0
2001-08-31,275659.0,210319.0,254847.0,189507.0,249590.0,65340.0,7409.0,7187.0,19765.0,38209.0,13831.0,22519.0,13913.0,5540.0,35949.0,7726.0,13909.0,26069.0
2001-09-30,268652.0,207049.0,247488.0,185885.0,243130.0,61603.0,7213.0,7021.0,19394.0,38154.0,13802.0,21249.0,12992.0,5415.0,35782.0,7434.0,13156.0,25522.0
2001-10-31,288632.0,209005.0,268718.0,189091.0,262862.0,79627.0,7362.0,7183.0,19957.0,38291.0,14105.0,20312.0,13593.0,5503.0,36183.0,7500.0,13644.0,25770.0
2001-11-30,280033.0,209495.0,260822.0,190284.0,254084.0,70538.0,7469.0,7414.0,19959.0,38442.0,14105.0,18327.0,13636.0,5670.0,36604.0,7556.0,13480.0,25949.0
2001-12-31,276302.0,210047.0,257583.0,191328.0,249879.0,66255.0,7700.0,7672.0,19881.0,38416.0,14184.0,17727.0,13795.0,5514.0,36730.0,7470.0,13543.0,26423.0
2002-01-31,277135.0,210592.0,258161.0,191618.0,250603.0,66543.0,7644.0,7420.0,20090.0,38205.0,14339.0,17399.0,13795.0,5557.0,36718.0,7535.0,13783.0,26532.0
2002-02-28,278869.0,211933.0,259890.0,192954.0,252279.0,66936.0,7709.0,7484.0,20387.0,38282.0,14550.0,16607.0,14003.0,5476.0,37008.0,7626.0,13839.0,26590.0
2002-03-31,278079.0,212922.0,258284.0,193127.0,251542.0,65157.0,7713.0,7544.0,20396.0,38237.0,14646.0,19716.0,14109.0,5471.0,36939.0,7506.0,14029.0,26537.0
2002-04-30,281147.0,214538.0,260416.0,193807.0,254543.0,66609.0,7665.0,7480.0,20942.0,37836.0,14705.0,20980.0,13925.0,5512.0,37355.0,7551.0,14232.0,26604.0
2002-05-31,278966.0,214712.0,258199.0,193945.0,252390.0,64254.0,7716.0,7551.0,20678.0,38198.0,14734.0,22096.0,13900.0,5492.0,37127.0,7496.0,14477.0,26576.0
2002-06-30,280426.0,214429.0,259837.0,193840.0,253652.0,65997.0,7605.0,7547.0,20549.0,38006.0,14809.0,21536.0,13951.0,5413.0,37333.0,7606.0,14247.0,26774.0
2002-07-31,284161.0,215007.0,262869.0,193715.0,257339.0,69154.0,7523.0,7454.0,20549.0,38117.0,14815.0,22846.0,13852.0,5445.0,37028.0,7561.0,14549.0,26822.0
2002-08-31,285884.0,215334.0,264767.0,194217.0,259050.0,70550.0,7609.0,7424.0,20522.0,38224.0,14963.0,22996.0,14026.0,5430.0,37022.0,7706.0,14457.0,26834.0
2002-09-30,281064.0,214949.0,259897.0,193782.0,254081.0,66115.0,7596.0,7367.0,20540.0,37783.0,15152.0,21252.0,13721.0,5549.0,37058.0,7675.0,14358.0,26983.0
2002-10-31,282940.0,216503.0,261429.0,194992.0,256131.0,66437.0,7584.0,7432.0,20374.0,38127.0,15067.0,22135.0,14164.0,5548.0,37755.0,7612.0,14520.0,26809.0
2002-11-30,283408.0,218069.0,261482.0,196143.0,256350.0,65339.0,7738.0,7363.0,20713.0,38431.0,15229.0,20764.0,14126.0,5616.0,37420.0,7409.0,15040.0,27058.0
2002-12-31,286646.0,218284.0,264433.0,196071.0,259206.0,68362.0,7737.0,7421.0,20438.0,38001.0,15104.0,20814.0,14282.0,5518.0,37536.0,7551.0,15043.0,27440.0
2003-01-31,288657.0,220353.0,265644.0,197340.0,261394.0,68304.0,7600.0,7277.0,21118.0,38763.0,15313.0,21080.0,14245.0,5501.0,37651.0,7553.0,15056.0,27263.0
2003-02-28,284696.0,219429.0,260950.0,195683.0,257531.0,65267.0,7288.0,7204.0,19921.0,38621.0,15350.0,20730.0,13788.0,5391.0,38009.0,7363.0,15583.0,27165.0
2003-03-31,288177.0,221858.0,264275.0,197956.0,260566.0,66319.0,7629.0,7243.0,20999.0,38571.0,15486.0,23735.0,14026.0,5442.0,38301.0,7366.0,15282.0,27611.0
2003-04-30,289053.0,220633.0,266687.0,198267.0,261375.0,68420.0,7664.0,7320.0,21027.0,38689.0,15527.0,22701.0,14066.0,5508.0,38130.0,7431.0,15227.0,27678.0
2003-05-31,289619.0,221437.0,267951.0,199769.0,261392.0,68182.0,7820.0,7431.0,21119.0,38599.0,15646.0,23163.0,14294.0,5523.0,38304.0,7508.0,15298.0,28227.0
2003-06-30,293671.0,223736.0,271993.0,202058.0,265331.0,69935.0,7848.0,7507.0,21912.0,38728.0,15733.0,22675.0,14548.0,5639.0,38858.0,7493.0,15452.0,28340.0
2003-07-31,296207.0,225986.0,274174.0,203953.0,267683.0,70221.0,7862.0,7597.0,22106.0,39167.0,15957.0,23862.0,14715.0,5550.0,39400.0,7511.0,15564.0,28524.0
2003-08-31,299592.0,229147.0,276644.0,206199.0,270612.0,70445.0,7921.0,7811.0,22326.0,39153.0,16146.0,24830.0,14737.0,5854.0,39881.0,7589.0,15801.0,28980.0
2003-09-30,298921.0,229152.0,275852.0,206083.0,270212.0,69769.0,7969.0,7751.0,22522.0,39149.0,16194.0,23277.0,14813.0,5647.0,39703.0,7480.0,16146.0,28709.0
2003-10-31,298205.0,229677.0,275458.0,206930.0,269060.0,68528.0,8015.0,7843.0,22659.0,39221.0,16219.0,23520.0,14729.0,5596.0,39695.0,7541.0,16267.0,29145.0
2003-11-30,299433.0,230537.0,276130.0,207234.0,270161.0,68896.0,8120.0,7892.0,22533.0,38989.0,16330.0,21835.0,14927.0,5636.0,39788.0,7522.0,16225.0,29272.0
2003-12-31,300702.0,231694.0,276880.0,207872.0,271550.0,69008.0,8100.0,7944.0,22732.0,38926.0,16421.0,22274.0,15051.0,5717.0,39931.0,7558.0,16340.0,29152.0
2004-01-31,301993.0,234649.0,277175.0,209831.0,272465.0,67344.0,8075.0,7920.0,22537.0,39900.0,16187.0,22659.0,15142.0,5774.0,40305.0,7659.0,16804.0,29528.0
2004-02-29,303915.0,234447.0,278810.0,209342.0,274360.0,69468.0,8132.0,7932.0,22523.0,39144.0,15914.0,22444.0,15284.0,5829.0,40500.0,7465.0,17064.0,29555.0
2004-03-31,309471.0,238680.0,283914.0,213123.0,279692.0,70791.0,8342.0,7971.0,24666.0,39674.0,16250.0,25480.0,15509.0,5840.0,40940.0,7541.0,16611.0,29779.0
2004-04-30,307358.0,238476.0,281884.0,213002.0,277625.0,68882.0,8269.0,8044.0,24470.0,39892.0,16284.0,26085.0,15294.0,5739.0,40581.0,7678.0,17018.0,29733.0
2004-05-31,311088.0,240314.0,284253.0,213479.0,281281.0,70774.0,8155.0,8133.0,24221.0,39995.0,16302.0,28445.0,15351.0,5737.0,41084.0,7762.0,16932.0,29807.0
2004-06-30,309127.0,240179.0,282304.0,213356.0,279141.0,68948.0,8342.0,8170.0,24478.0,39856.0,16360.0,28271.0,15110.0,5750.0,40603.0,7488.0,17213.0,29986.0
2004-07-31,311681.0,241785.0,285011.0,215115.0,281350.0,69896.0,8615.0,8199.0,24346.0,40148.0,16375.0,29150.0,15294.0,5843.0,41065.0,7540.0,17359.0,30331.0
2004-08-31,311192.0,241574.0,284833.0,215215.0,281006.0,69618.0,8445.0,8198.0,24584.0,39905.0,16428.0,28600.0,15233.0,5851.0,41166.0,7585.0,17634.0,30186.0
2004-09-30,317446.0,244150.0,290407.0,217111.0,286866.0,73296.0,8345.0,8311.0,24701.0,40571.0,16414.0,27228.0,15448.0,5811.0,41561.0,7560.0,17809.0,30580.0
2004-10-31,318476.0,247209.0,289751.0,218484.0,287700.0,71267.0,8582.0,8319.0,24644.0,40448.0,16588.0,29414.0,15638.0,5855.0,41889.0,7639.0,18106.0,30776.0
2004-11-30,320520.0,248720.0,291297.0,219497.0,289679.0,71800.0,8495.0,8306.0,24865.0,40704.0,16572.0,27557.0,15675.0,5875.0,42033.0,7873.0,18258.0,30841.0
2004-12-31,324672.0,250734.0,295718.0,221780.0,293401.0,73938.0,8659.0,8327.0,25437.0,40893.0,16681.0,27188.0,15832.0,5844.0,42647.0,7808.0,18381.0,31271.0
2005-01-31,321272.0,250896.0,292921.0,222545.0,290111.0,70376.0,8599.0,8420.0,25897.0,40993.0,16999.0,25459.0,15762.0,5882.0,42404.0,7807.0,18621.0,31161.0
2005-02-28,325308.0,253263.0,296411.0,224366.0,293710.0,72045.0,8673.0,8606.0,25596.0,41081.0,17085.0,24880.0,16279.0,5918.0,43026.0,7890.0,18614.0,31598.0
2005-03-31,326179.0,253552.0,296798.0,224171.0,294743.0,72627.0,8610.0,8642.0,26022.0,41167.0,17038.0,29263.0,15869.0,5852.0,42732.0,7874.0,18929.0,31436.0
2005-04-30,329124.0,257233.0,299205.0,227314.0,297153.0,71891.0,8759.0,8655.0,26328.0,41568.0,17143.0,30428.0,16248.0,6119.0,43495.0,7810.0,19218.0,31971.0
2005-05-31,327233.0,255512.0,298229.0,226508.0,295314.0,71721.0,8702.0,8611.0,26301.0,41369.0,17241.0,31034.0,16071.0,5988.0,43317.0,7911.0,19078.0,31919.0
2005-06-30,337219.0,258835.0,307440.0,229056.0,305083.0,78384.0,8847.0,8689.0,26447.0,41684.0,17187.0,31744.0,16424.0,5912.0,44356.0,7873.0,19501.0,32136.0
2005-07-31,339529.0,259399.0,308635.0,228505.0,307320.0,80130.0,8851.0,8720.0,26357.0,41539.0,17441.0,33767.0,16072.0,5970.0,43910.0,7924.0,19512.0,32209.0
2005-08-31,335605.0,263485.0,302415.0,230295.0,303216.0,72120.0,8939.0,8715.0,26567.0,41818.0,17357.0,36077.0,16346.0,5990.0,44102.0,7862.0,20210.0,32389.0
2005-09-30,336600.0,267324.0,300680.0,231404.0,304187.0,69276.0,9001.0,8783.0,26944.0,42249.0,17493.0,36136.0,16042.0,5836.0,44282.0,7991.0,20370.0,32413.0
2005-10-31,336753.0,270342.0,300926.0,234515.0,303989.0,66411.0,9060.0,8923.0,27439.0,42120.0,17562.0,36436.0,16744.0,6079.0,45165.0,8058.0,20601.0,32764.0
2005-11-30,339719.0,268072.0,306678.0,235031.0,306566.0,71647.0,9084.0,8799.0,27467.0,42123.0,17619.0,31158.0,16700.0,6057.0,45105.0,8126.0,20798.0,33153.0
2005-12-31,339895.0,268255.0,306812.0,235172.0,306723.0,71640.0,9038.0,8778.0,27068.0,42547.0,17824.0,31164.0,16799.0,6158.0,44621.0,8029.0,21138.0,33172.0
2006-01-31,349664.0,274469.0,315474.0,240279.0,315566.0,75195.0,9323.0,9243.0,29437.0,42023.0,17831.0,30703.0,16902.0,6437.0,45505.0,8600.0,20880.0,34098.0
2006-02-28,347021.0,274561.0,312915.0,240455.0,313440.0,72460.0,9205.0,8953.0,29265.0,42704.0,17879.0,29161.0,16984.0,6318.0,45678.0,8463.0,21425.0,33581.0
2006-03-31,348357.0,275211.0,314267.0,241121.0,314471.0,73146.0,9196.0,9031.0,29182.0,42590.0,17995.0,33783.0,16947.0,6307.0,45515.0,8364.0,22108.0,33886.0
2006-04-30,350072.0,276827.0,314429.0,241184.0,316094.0,73245.0,9171.0,9040.0,28711.0,42600.0,18087.0,35892.0,17196.0,6341.0,45970.0,8443.0,21647.0,33978.0
2006-05-31,348889.0,276464.0,312875.0,240450.0,314919.0,72425.0,9108.0,8978.0,27626.0,42981.0,18271.0,38895.0,17069.0,6232.0,45664.0,8424.0,22127.0,33970.0
2006-06-30,350795.0,276735.0,314746.0,240686.0,316978.0,74060.0,9268.0,8967.0,27209.0,43155.0,18364.0,39005.0,17284.0,6244.0,45857.0,8318.0,22203.0,33817.0
2006-07-31,351916.0,277199.0,314967.0,240250.0,317984.0,74717.0,9193.0,9000.0,27112.0,43114.0,18444.0,40459.0,17320.0,6167.0,45750.0,8297.0,21921.0,33932.0
2006-08-31,353285.0,279615.0,315775.0,242105.0,318802.0,73670.0,9198.0,8990.0,27169.0,43481.0,18517.0,40923.0,17178.0,6166.0,46003.0,8304.0,22616.0,34483.0
2006-09-30,351240.0,278325.0,316416.0,243501.0,316400.0,72915.0,9306.0,9002.0,26767.0,43252.0,18683.0,34720.0,17858.0,6372.0,46465.0,8392.0,22564.0,34840.0
2006-10-31,351035.0,276900.0,318294.0,244159.0,316145.0,74135.0,9154.0,8819.0,26964.0,43815.0,18834.0,33101.0,17676.0,6237.0,46539.0,8494.0,22737.0,34890.0
2006-11-30,352116.0,277479.0,318830.0,244193.0,317123.0,74637.0,9079.0,9002.0,26533.0,43855.0,19048.0,31455.0,17505.0,6220.0,46716.0,8590.0,22652.0,34993.0
2006-12-31,356367.0,282619.0,321513.0,247765.0,320312.0,73748.0,9114.0,9352.0,26902.0,44040.0,19280.0,32554.0,18077.0,6302.0,47197.0,8815.0,22631.0,36055.0
2007-01-31,355792.0,282001.0,321701.0,247910.0,320305.0,73791.0,9355.0,9068.0,27304.0,44130.0,19188.0,30818.0,18053.0,6253.0,47824.0,8647.0,22601.0,35487.0
2007-02-28,356545.0,282241.0,321650.0,247346.0,321434.0,74304.0,9154.0,8982.0,26887.0,44574.0,19135.0,29661.0,17697.0,6247.0,47248.0,8500.0,23811.0,35111.0
2007-03-31,359415.0,285660.0,323468.0,249713.0,323708.0,73755.0,9183.0,8874.0,27301.0,44615.0,19259.0,35480.0,18174.0,6463.0,48024.0,8743.0,23370.0,35707.0
2007-04-30,358562.0,283978.0,322301.0,247717.0,322878.0,74584.0,9171.0,8865.0,26512.0,44290.0,19316.0,36551.0,17789.0,6370.0,47540.0,8564.0,23616.0,35684.0
2007-05-31,363085.0,287491.0,325256.0,249662.0,327266.0,75594.0,9103.0,8924.0,26933.0,44741.0,19350.0,41234.0,18037.0,6476.0,47821.0,8776.0,23682.0,35819.0
2007-06-30,360234.0,287188.0,323085.0,250039.0,324076.0,73046.0,9031.0,8876.0,26447.0,44938.0,19579.0,40344.0,17970.0,6540.0,47777.0,8933.0,23790.0,36158.0
2007-07-31,361770.0,288091.0,324961.0,251282.0,325455.0,73679.0,9079.0,8942.0,26624.0,44990.0,19549.0,40563.0,17980.0,6616.0,48260.0,8734.0,24193.0,36315.0
2007-08-31,363676.0,288655.0,326638.0,251617.0,327444.0,75021.0,9049.0,9107.0,26454.0,44971.0,19718.0,40260.0,18059.0,6523.0,48589.0,8702.0,24213.0,36232.0
2007-09-30,365178.0,289574.0,326964.0,251360.0,328668.0,75604.0,8883.0,9059.0,26173.0,45156.0,19851.0,37564.0,17964.0,6431.0,48260.0,8750.0,24323.0,36510.0
2007-10-31,367322.0,291082.0,328279.0,252039.0,330544.0,76240.0,8883.0,9134.0,25965.0,45370.0,19726.0,39316.0,17964.0,6545.0,48312.0,8578.0,24784.0,36778.0
2007-11-30,370776.0,296595.0,328899.0,254718.0,334021.0,74181.0,8846.0,9336.0,26365.0,45875.0,19705.0,39699.0,18256.0,6683.0,48856.0,8614.0,25427.0,36755.0
2007-12-31,366569.0,294959.0,324940.0,253330.0,329259.0,71610.0,8734.0,9240.0,25317.0,46060.0,19691.0,38923.0,18120.0,6502.0,49127.0,8626.0,24603.0,37310.0
2008-01-31,367368.0,295112.0,325047.0,252791.0,330478.0,72256.0,8629.0,9037.0,25409.0,46162.0,19857.0,38597.0,18065.0,6513.0,48796.0,9029.0,24404.0,36890.0
2008-02-29,364126.0,293625.0,321723.0,251222.0,327869.0,70501.0,8373.0,9038.0,25420.0,46011.0,20024.0,37527.0,17834.0,6533.0,48795.0,8396.0,24541.0,36257.0
2008-03-31,365164.0,295087.0,322045.0,251968.0,328493.0,70077.0,8393.0,9054.0,25218.0,46181.0,20059.0,42127.0,17937.0,6504.0,48786.0,8375.0,24790.0,36671.0
2008-04-30,364816.0,296462.0,322027.0,253673.0,328037.0,68354.0,8385.0,9148.0,25080.0,46610.0,19892.0,43559.0,17865.0,6574.0,49393.0,8263.0,25684.0,36779.0
2008-05-31,368255.0,300834.0,323976.0,256555.0,331088.0,67421.0,8373.0,9358.0,25421.0,46742.0,20282.0,48397.0,18200.0,6633.0,50181.0,8339.0,25859.0,37167.0
2008-06-30,368926.0,303282.0,322573.0,256929.0,331764.0,65644.0,8242.0,9186.0,25555.0,46816.0,20270.0,49968.0,18278.0,6584.0,50745.0,8336.0,25755.0,37162.0
2008-07-31,367594.0,304291.0,320979.0,257676.0,330301.0,63303.0,8163.0,9201.0,25685.0,47139.0,20373.0,51603.0,18129.0,6553.0,50491.0,8584.0,26065.0,37293.0
2008-08-31,364611.0,301194.0,318996.0,255579.0,327296.0,63417.0,7944.0,9065.0,25174.0,47280.0,20347.0,48945.0,18121.0,6620.0,49862.0,8215.0,25636.0,37315.0
2008-09-30,358991.0,298040.0,313428.0,252477.0,321568.0,60951.0,7512.0,8664.0,25030.0,47072.0,20387.0,45062.0,17119.0,6236.0,49349.0,8143.0,25542.0,37423.0
2008-10-31,346137.0,290587.0,305789.0,250239.0,308968.0,55550.0,7536.0,8563.0,24462.0,47028.0,20358.0,40509.0,16929.0,6194.0,49140.0,7958.0,24902.0,37169.0
2008-11-30,332498.0,278953.0,300684.0,247139.0,295396.0,53545.0,7438.0,8586.0,22968.0,46756.0,20495.0,29778.0,16765.0,6216.0,49497.0,7723.0,23593.0,37102.0
2008-12-31,324767.0,272085.0,296917.0,244235.0,287571.0,52682.0,7252.0,8211.0,22726.0,46086.0,20457.0,26290.0,16427.0,6215.0,48776.0,7665.0,23224.0,37196.0
2009-01-31,329787.0,275518.0,301036.0,246767.0,292449.0,54269.0,7163.0,8743.0,22571.0,47023.0,20486.0,26451.0,16774.0,6305.0,49136.0,7652.0,23576.0,37338.0
2009-02-28,328376.0,275651.0,298585.0,245860.0,291429.0,52725.0,7097.0,8724.0,22299.0,46239.0,20639.0,25531.0,16996.0,6299.0,49132.0,7813.0,23675.0,36947.0
2009-03-31,322634.0,270920.0,293911.0,242197.0,286022.0,51714.0,6850.0,7982.0,21956.0,46182.0,20661.0,28350.0,16043.0,6175.0,48722.0,7695.0,23319.0,36612.0
2009-04-30,324323.0,272078.0,295649.0,243404.0,287530.0,52245.0,6866.0,7929.0,21951.0,46449.0,20797.0,29333.0,16527.0,6259.0,48733.0,7719.0,23381.0,36793.0
2009-05-31,327011.0,274405.0,296573.0,243967.0,290215.0,52606.0,6894.0,7870.0,22128.0,46558.0,20853.0,32843.0,16632.0,6195.0,48916.0,7522.0,23603.0,36796.0
2009-06-30,332227.0,277157.0,299123.0,244053.0,295458.0,55070.0,6887.0,7900.0,22106.0,46638.0,20801.0,35818.0,16382.0,6194.0,48691.0,7541.0,24144.0,36769.0
2009-07-31,333670.0,276959.0,300751.0,244040.0,296928.0,56711.0,6841.0,7825.0,21722.0,46644.0,20753.0,36211.0,16617.0,6206.0,48734.0,7448.0,24508.0,36742.0
2009-08-31,339586.0,278789.0,304948.0,244151.0,302871.0,60797.0,6771.0,7885.0,21275.0,46600.0,20815.0,36855.0,16863.0,6289.0,48976.0,7441.0,24521.0,36715.0
2009-09-30,330998.0,278920.0,296385.0,244307.0,294449.0,52078.0,6778.0,7835.0,21161.0,46859.0,20955.0,34232.0,16729.0,6223.0,48959.0,7475.0,24784.0,36549.0
2009-10-31,334595.0,279342.0,299862.0,244609.0,298067.0,55253.0,6717.0,7754.0,20470.0,46953.0,21012.0,34907.0,16899.0,6180.0,49546.0,7463.0,25087.0,36528.0
2009-11-30,337321.0,281406.0,300791.0,244876.0,300583.0,55915.0,6775.0,8038.0,20760.0,47049.0,21045.0,34229.0,16662.0,6045.0,49115.0,7485.0,25164.0,36738.0
2009-12-31,338736.0,283070.0,301673.0,246007.0,301959.0,55666.0,6825.0,7947.0,20690.0,47301.0,20951.0,35136.0,16615.0,6249.0,49579.0,7637.0,25436.0,36777.0
2010-01-31,339093.0,283647.0,301814.0,246368.0,302325.0,55446.0,6813.0,8098.0,20400.0,47197.0,20917.0,34036.0,16917.0,6265.0,49771.0,7480.0,25742.0,36768.0
2010-02-28,339580.0,285191.0,302704.0,248315.0,302310.0,54389.0,6929.0,8365.0,20267.0,48009.0,20942.0,31787.0,16956.0,6150.0,50355.0,7375.0,25697.0,37270.0
2010-03-31,346974.0,287536.0,309929.0,250491.0,309525.0,59438.0,7020.0,8006.0,21691.0,47578.0,21090.0,37119.0,17446.0,6249.0,50094.0,7747.0,26121.0,37449.0
2010-04-30,349869.0,289522.0,312800.0,252453.0,312143.0,60347.0,6930.0,8140.0,23358.0,47522.0,21206.0,38181.0,17286.0,6162.0,50264.0,7681.0,26178.0,37726.0
2010-05-31,346858.0,286736.0,310328.0,250206.0,309158.0,60122.0,6905.0,8242.0,21533.0,47511.0,21146.0,39051.0,17229.0,6238.0,49799.0,7708.0,26195.0,37700.0
2010-06-30,346516.0,286504.0,310979.0,250967.0,308588.0,60012.0,6875.0,8359.0,21337.0,47181.0,21400.0,38096.0,17070.0,6248.0,49902.0,7851.0,26816.0,37928.0
2010-07-31,347612.0,286354.0,311951.0,250693.0,309543.0,61258.0,6898.0,8223.0,21300.0,47289.0,21487.0,38942.0,17154.0,6263.0,49824.0,7689.0,26497.0,38069.0
2010-08-31,349188.0,288079.0,313134.0,252025.0,310761.0,61109.0,6923.0,8202.0,21070.0,47564.0,21594.0,38434.0,17218.0,6194.0,50085.0,7715.0,27033.0,38427.0
2010-09-30,352179.0,290362.0,314960.0,253143.0,313785.0,61817.0,6898.0,8274.0,21184.0,47989.0,21634.0,37070.0,17289.0,6206.0,50146.0,7824.0,27305.0,38394.0
2010-10-31,356215.0,292801.0,317835.0,254421.0,317699.0,63414.0,6846.0,8101.0,21884.0,47885.0,21833.0,38380.0,17599.0,6317.0,50163.0,7957.0,27320.0,38516.0
2010-11-30,359450.0,295658.0,320316.0,256524.0,320695.0,63792.0,6900.0,7926.0,21745.0,48457.0,21914.0,36982.0,17987.0,6409.0,51213.0,7942.0,27276.0,38755.0
2010-12-31,361979.0,298168.0,320795.0,256984.0,323421.0,63811.0,6863.0,8140.0,22003.0,48485.0,22002.0,39001.0,17760.0,6334.0,50895.0,7921.0,28023.0,38558.0
2011-01-31,364394.0,299671.0,322662.0,257939.0,325674.0,64723.0,6785.0,8108.0,21291.0,48973.0,22421.0,37934.0,17928.0,6292.0,50726.0,7866.0,28829.0,38720.0
2011-02-28,367475.0,301711.0,325272.0,259508.0,328049.0,65764.0,6950.0,8226.0,21012.0,49396.0,22169.0,36590.0,18147.0,6346.0,51301.0,8133.0,28402.0,39426.0
2011-03-31,370775.0,304658.0,327086.0,260969.0,331161.0,66117.0,7204.0,8333.0,21662.0,49413.0,22275.0,44257.0,18203.0,6282.0,51474.0,7888.0,28621.0,39614.0
2011-04-30,372820.0,307603.0,328263.0,263046.0,333189.0,65217.0,7125.0,8384.0,21872.0,50160.0,22162.0,45760.0,18533.0,6342.0,51833.0,8076.0,28928.0,39631.0
2011-05-31,372505.0,308104.0,327339.0,262938.0,332409.0,64401.0,7041.0,8264.0,22101.0,49743.0,22327.0,48147.0,18372.0,6268.0,51627.0,7983.0,29116.0,40096.0
2011-06-30,375587.0,310200.0,331063.0,265676.0,335108.0,65387.0,7022.0,8298.0,22536.0,50254.0,22323.0,47418.0,18735.0,6287.0,52347.0,8068.0,29327.0,40479.0
2011-07-31,375442.0,310314.0,330740.0,265612.0,334922.0,65128.0,7071.0,8426.0,22565.0,50300.0,22442.0,48099.0,18564.0,6209.0,51992.0,8167.0,29356.0,40520.0
2011-08-31,375860.0,311587.0,330882.0,266609.0,335163.0,64273.0,7121.0,8478.0,22549.0,50487.0,22543.0,48216.0,18448.0,6374.0,51984.0,8199.0,29729.0,40697.0
2011-09-30,380042.0,312673.0,335062.0,267693.0,339011.0,67369.0,7185.0,8340.0,22462.0,50463.0,22444.0,45340.0,19039.0,6410.0,52422.0,8146.0,29751.0,41031.0
2011-10-31,382207.0,313756.0,337468.0,269017.0,341058.0,68451.0,7090.0,8664.0,23053.0,50589.0,22569.0,45007.0,18697.0,6322.0,52278.0,8065.0,30541.0,41149.0
2011-11-30,383422.0,314672.0,337966.0,269216.0,342214.0,68750.0,7190.0,8492.0,22732.0,50686.0,22484.0,42865.0,18832.0,6241.0,52496.0,8048.0,30807.0,41208.0
2011-12-31,383985.0,314039.0,338771.0,268825.0,343093.0,69946.0,7323.0,8341.0,23281.0,50599.0,22422.0,42637.0,19041.0,6095.0,52334.0,7898.0,30599.0,40892.0
2012-01-31,387531.0,317438.0,341966.0,271873.0,345656.0,70093.0,7427.0,8409.0,23435.0,50854.0,22716.0,41282.0,19119.0,6298.0,52999.0,8264.0,30477.0,41875.0
2012-02-29,392310.0,321164.0,345285.0,274139.0,350345.0,71146.0,7413.0,8445.0,23426.0,50921.0,22709.0,42087.0,19817.0,6392.0,53714.0,8364.0,30973.0,41965.0
2012-03-31,393698.0,322583.0,346261.0,275146.0,351748.0,71115.0,7383.0,8606.0,24394.0,51455.0,22696.0,48243.0,19593.0,6528.0,53550.0,8148.0,30843.0,41950.0
2012-04-30,392073.0,320642.0,345259.0,273828.0,349722.0,71431.0,7291.0,8482.0,23250.0,51551.0,22774.0,47516.0,19109.0,6546.0,53107.0,8153.0,31214.0,42351.0
2012-05-31,391376.0,319194.0,345790.0,273608.0,349064.0,72182.0,7438.0,8614.0,22531.0,51577.0,22591.0,49051.0,19160.0,6557.0,53078.0,7898.0,31852.0,42312.0
2012-06-30,387901.0,316997.0,344253.0,273349.0,345339.0,70904.0,7351.0,8542.0,22343.0,51554.0,22164.0,46354.0,19432.0,6512.0,53021.0,8068.0,31800.0,42562.0
2012-07-31,389686.0,317985.0,346350.0,274649.0,346936.0,71701.0,7438.0,8649.0,22493.0,51588.0,22505.0,46543.0,19238.0,6508.0,53147.0,8129.0,32204.0,42750.0
2012-08-31,394524.0,322056.0,348230.0,275762.0,351782.0,72468.0,7389.0,8535.0,22926.0,51678.0,22442.0,50090.0,19493.0,6451.0,53445.0,8051.0,32610.0,42742.0
2012-09-30,397681.0,323914.0,350648.0,276881.0,354575.0,73767.0,7409.0,8539.0,23414.0,51813.0,22292.0,47127.0,19636.0,6417.0,53328.0,8073.0,32854.0,43106.0
2012-10-31,397494.0,324215.0,349569.0,276290.0,354747.0,73279.0,7208.0,8213.0,23591.0,52130.0,22197.0,48931.0,19427.0,6441.0,53529.0,8114.0,32693.0,42747.0
2012-11-30,399708.0,325300.0,352947.0,278539.0,356158.0,74408.0,7441.0,8535.0,23946.0,52030.0,22345.0,44423.0,19498.0,6385.0,53461.0,8055.0,33293.0,43550.0
2012-12-31,401093.0,325671.0,355129.0,279707.0,357519.0,75422.0,7741.0,8692.0,23850.0,52059.0,22561.0,42609.0,19707.0,6533.0,53596.0,8264.0,33130.0,43574.0
2013-01-31,404434.0,328110.0,358445.0,282121.0,360257.0,76324.0,7719.0,8683.0,24130.0,52021.0,22832.0,41758.0,19971.0,6706.0,54074.0,8180.0,33628.0,44177.0
2013-02-28,409118.0,331847.0,360109.0,282838.0,365227.0,77271.0,7663.0,8747.0,24523.0,52625.0,22660.0,42197.0,19843.0,6724.0,54436.0,8242.0,33484.0,43891.0
2013-03-31,406223.0,329715.0,358597.0,282089.0,362148.0,76508.0,7680.0,8511.0,24485.0,52494.0,22690.0,47674.0,19878.0,6616.0,54028.0,8345.0,33287.0,44075.0
2013-04-30,404231.0,327319.0,358188.0,281276.0,360499.0,76912.0,7635.0,8536.0,24560.0,52022.0,22595.0,46734.0,19979.0,6508.0,54226.0,8286.0,33197.0,43732.0
2013-05-31,406677.0,328289.0,361179.0,282791.0,362842.0,78388.0,7567.0,8544.0,25163.0,52596.0,22692.0,49092.0,19932.0,6579.0,54395.0,8292.0,33196.0,43835.0
2013-06-30,407921.0,327894.0,362161.0,282134.0,364181.0,80027.0,7779.0,8557.0,24604.0,52550.0,22661.0,48368.0,19890.0,6605.0,54422.0,8169.0,33157.0,43740.0
2013-07-31,410268.0,330068.0,364382.0,284182.0,366243.0,80200.0,7758.0,8480.0,25168.0,52899.0,22904.0,49694.0,20084.0,6633.0,54513.0,8201.0,33517.0,44025.0
2013-08-31,409691.0,329768.0,364144.0,284221.0,365543.0,79923.0,7823.0,8475.0,25111.0,53114.0,22926.0,49419.0,19857.0,6476.0,54349.0,8285.0,33657.0,44148.0
2013-09-30,410044.0,331214.0,364430.0,285600.0,365668.0,78830.0,7867.0,8429.0,25113.0,53134.0,23318.0,45933.0,19833.0,6573.0,54790.0,8453.0,33714.0,44376.0
2013-10-31,411399.0,331304.0,366548.0,286453.0,366444.0,80095.0,7977.0,8509.0,24744.0,53282.0,23340.0,46376.0,20250.0,6563.0,54771.0,8439.0,33623.0,44955.0
2013-11-30,412561.0,332174.0,367923.0,287536.0,366868.0,80387.0,8048.0,8446.0,24667.0,53411.0,23337.0,42272.0,19813.0,6584.0,54649.0,8505.0,34383.0,45693.0
2013-12-31,414812.0,334772.0,368324.0,288284.0,369499.0,80040.0,7756.0,8357.0,24806.0,53873.0,23385.0,43048.0,20016.0,6570.0,54559.0,8347.0,35302.0,45313.0
2014-01-31,411561.0,333704.0,364551.0,286694.0,366684.0,77857.0,7620.0,8388.0,24776.0,54153.0,23344.0,42544.0,20093.0,6203.0,54546.0,8234.0,34460.0,44877.0
2014-02-28,416736.0,336741.0,369332.0,289337.0,371335.0,79995.0,7906.0,8413.0,24673.0,54102.0,23458.0,40578.0,20044.0,6508.0,55278.0,8362.0,35192.0,45401.0
2014-03-31,421230.0,338208.0,374426.0,291404.0,375285.0,83022.0,8030.0,8454.0,25071.0,54177.0,23590.0,46289.0,20152.0,6506.0,55364.0,8442.0,35673.0,45945.0
2014-04-30,425546.0,341148.0,378566.0,294168.0,379432.0,84398.0,8160.0,8422.0,25942.0,54557.0,23780.0,47262.0,20650.0,6611.0,55871.0,8357.0,35704.0,46114.0
2014-05-31,426253.0,341774.0,379526.0,295047.0,379787.0,84479.0,8138.0,8296.0,26221.0,54837.0,24112.0,50559.0,20270.0,6578.0,55826.0,8503.0,35800.0,46466.0
2014-06-30,427305.0,342562.0,381662.0,296919.0,380618.0,84743.0,8148.0,8212.0,26434.0,55269.0,24297.0,48610.0,20308.0,6665.0,55902.0,8537.0,36460.0,46687.0
2014-07-31,428079.0,342903.0,382402.0,297226.0,381045.0,85176.0,8171.0,8292.0,25902.0,55461.0,24321.0,49788.0,20380.0,6644.0,55993.0,8581.0,36447.0,47034.0
2014-08-31,431379.0,345426.0,385559.0,299606.0,384017.0,85953.0,8309.0,8366.0,26423.0,55669.0,24398.0,49348.0,20544.0,6893.0,56148.0,8683.0,36811.0,47362.0
2014-09-30,430189.0,345318.0,384889.0,300018.0,382277.0,84871.0,8243.0,8509.0,26300.0,55786.0,24505.0,46161.0,20279.0,6768.0,56141.0,8660.0,36915.0,47912.0
2014-10-31,431903.0,346551.0,387488.0,302136.0,383323.0,85352.0,8276.0,8477.0,26338.0,56103.0,24410.0,46147.0,20629.0,6871.0,56244.0,8825.0,37383.0,48580.0
2014-11-30,433113.0,346656.0,389570.0,303113.0,384459.0,86457.0,8388.0,8794.0,26397.0,56093.0,24514.0,40887.0,20827.0,6853.0,56279.0,8763.0,37551.0,48654.0
2014-12-31,430110.0,344219.0,389707.0,303816.0,380682.0,85891.0,8512.0,8641.0,26103.0,56343.0,24662.0,37656.0,20722.0,6780.0,56228.0,8726.0,37671.0,49428.0
2015-01-31,428208.0,341152.0,391677.0,304621.0,378518.0,87056.0,8485.0,8505.0,26312.0,56455.0,24857.0,33061.0,20607.0,6656.0,56552.0,8785.0,37717.0,49690.0
2015-02-28,427119.0,341440.0,389364.0,303685.0,377594.0,85679.0,8304.0,8376.0,25376.0,56523.0,24629.0,32205.0,20769.0,6696.0,56147.0,8708.0,38632.0,49525.0
2015-03-31,433647.0,343998.0,395371.0,305722.0,383681.0,89649.0,8546.0,8157.0,26305.0,56498.0,25209.0,37510.0,20812.0,6787.0,56365.0,8673.0,38404.0,49966.0
2015-04-30,434470.0,344264.0,396782.0,306576.0,383893.0,90206.0,8661.0,8289.0,26563.0,56410.0,24774.0,37839.0,20917.0,6796.0,56222.0,8719.0,38648.0,50577.0
2015-05-31,437865.0,346941.0,398671.0,307747.0,387155.0,90924.0,8856.0,8327.0,26619.0,56471.0,24747.0,42134.0,21080.0,6851.0,56637.0,8908.0,38541.0,50710.0
2015-06-30,437951.0,347187.0,398255.0,307491.0,387199.0,90764.0,8688.0,8394.0,26331.0,56703.0,24913.0,42753.0,20809.0,6793.0,56560.0,8933.0,38615.0,50752.0
2015-07-31,441942.0,350764.0,401734.0,310556.0,390953.0,91178.0,8853.0,8240.0,27215.0,56926.0,25141.0,43867.0,21033.0,6847.0,56926.0,8961.0,39425.0,50989.0
2015-08-31,441849.0,350017.0,402741.0,310909.0,390570.0,91832.0,8861.0,8242.0,27209.0,56841.0,25292.0,41924.0,21077.0,6882.0,56864.0,9055.0,39307.0,51279.0
2015-09-30,439867.0,347614.0,403064.0,310811.0,388551.0,92253.0,8868.0,8255.0,27029.0,56710.0,25608.0,37576.0,20877.0,6912.0,56801.0,8683.0,39752.0,51316.0
2015-10-31,438693.0,347256.0,402210.0,310773.0,387066.0,91437.0,8963.0,8154.0,27176.0,56531.0,25419.0,38015.0,20749.0,6819.0,56624.0,8693.0,40018.0,51627.0
2015-11-30,440303.0,347778.0,404286.0,311761.0,388530.0,92525.0,8950.0,8102.0,27437.0,56825.0,25556.0,33964.0,20779.0,6906.0,56727.0,8805.0,39901.0,51773.0
2015-12-31,442149.0,349931.0,406365.0,314147.0,389551.0,92218.0,9161.0,8007.0,27988.0,56717.0,25784.0,33565.0,20918.0,7051.0,57069.0,8743.0,40111.0,52598.0
2016-01-31,439466.0,347668.0,405007.0,313209.0,387483.0,91798.0,9039.0,7849.0,27988.0,56924.0,25587.0,30944.0,20830.0,6999.0,56360.0,8786.0,40864.0,51983.0
2016-02-29,443117.0,349404.0,410289.0,316576.0,390029.0,93713.0,9066.0,7931.0,28041.0,57023.0,26116.0,28889.0,21387.0,6998.0,57117.0,8763.0,41046.0,53088.0
2016-03-31,441856.0,349791.0,407805.0,315740.0,388998.0,92065.0,9026.0,7764.0,28714.0,56589.0,25974.0,33472.0,20918.0,6985.0,56884.0,9004.0,41024.0,52858.0
2016-04-30,444254.0,351766.0,409164.0,316676.0,391112.0,92488.0,9014.0,7773.0,27785.0,57213.0,26170.0,35160.0,20855.0,6926.0,56952.0,9103.0,41743.0,53142.0
2016-05-31,445490.0,352784.0,409579.0,316873.0,392299.0,92706.0,9061.0,7798.0,27334.0,57457.0,26146.0,38676.0,20965.0,6966.0,56600.0,8963.0,42392.0,53191.0
2016-06-30,450237.0,356783.0,413197.0,319743.0,397113.0,93454.0,9213.0,7770.0,28143.0,57815.0,26256.0,39929.0,21099.0,7263.0,57016.0,9032.0,43012.0,53124.0
2016-07-31,449789.0,355106.0,413069.0,318386.0,396545.0,94683.0,9151.0,7820.0,27843.0,57519.0,26250.0,39621.0,20903.0,6939.0,56756.0,9002.0,42959.0,53244.0
2016-08-31,449946.0,354876.0,414110.0,319040.0,396293.0,95070.0,9120.0,7890.0,27655.0,57747.0,26147.0,38631.0,21215.0,6753.0,56701.0,8924.0,43235.0,53653.0
2016-09-30,453056.0,357222.0,416282.0,320448.0,398797.0,95834.0,9340.0,7605.0,27836.0,58190.0,26166.0,37804.0,21347.0,6778.0,56116.0,9166.0,43645.0,54259.0
2016-10-31,453847.0,358315.0,416047.0,320515.0,399637.0,95532.0,9171.0,7519.0,27853.0,58433.0,25356.0,38858.0,21165.0,6814.0,56647.0,9305.0,44042.0,54210.0
2016-11-30,453892.0,358672.0,416504.0,321284.0,398680.0,95220.0,9161.0,7423.0,28030.0,58485.0,25604.0,35706.0,20927.0,6696.0,56488.0,8963.0,44295.0,55212.0
2016-12-31,459305.0,361410.0,420017.0,322122.0,405114.0,97895.0,9138.0,7488.0,27950.0,58787.0,25687.0,37049.0,21374.0,6807.0,56249.0,9132.0,45319.0,54191.0
2017-01-31,464412.0,366585.0,424605.0,326778.0,408269.0,97827.0,9291.0,7583.0,28260.0,58898.0,25711.0,35826.0,21488.0,6919.0,57887.0,9075.0,45523.0,56143.0
2017-02-28,464284.0,367057.0,424140.0,326913.0,408155.0,97227.0,9287.0,7505.0,28684.0,59290.0,26015.0,34122.0,21101.0,6799.0,57141.0,9227.0,45735.0,56129.0
2017-03-31,463674.0,368272.0,423831.0,328429.0,407630.0,95402.0,9352.0,7685.0,28506.0,59722.0,26174.0,39006.0,21246.0,6719.0,57406.0,9163.0,46412.0,56044.0
2017-04-30,465276.0,369323.0,425673.0,329720.0,409134.0,95953.0,9204.0,7771.0,28835.0,59909.0,26376.0,39365.0,21292.0,6763.0,57431.0,9194.0,46803.0,56142.0
2017-05-31,462754.0,366527.0,424715.0,328488.0,406609.0,96227.0,9285.0,7622.0,28534.0,59935.0,26452.0,41196.0,21057.0,6684.0,56327.0,9044.0,47403.0,56145.0
2017-06-30,465130.0,367876.0,427756.0,330502.0,409067.0,97254.0,9373.0,7543.0,28571.0,59797.0,26668.0,40401.0,21201.0,6689.0,57723.0,9016.0,47858.0,56063.0
2017-07-31,465089.0,367728.0,427731.0,330370.0,409113.0,97361.0,9316.0,7474.0,28732.0,59772.0,26714.0,40123.0,21073.0,6569.0,57399.0,9200.0,48145.0,55976.0
2017-08-31,466020.0,370481.0,427481.0,331942.0,409606.0,95539.0,9390.0,7469.0,28700.0,60129.0,26985.0,41545.0,21186.0,6637.0,57461.0,9152.0,48419.0,56414.0
2017-09-30,475724.0,376369.0,434990.0,335635.0,419021.0,99355.0,9346.0,7536.0,29783.0,60750.0,27068.0,41589.0,21294.0,6713.0,58242.0,9270.0,48930.0,56703.0
2017-10-31,476107.0,376051.0,435372.0,335316.0,418999.0,100056.0,9609.0,7592.0,29325.0,60973.0,27240.0,41876.0,21197.0,6729.0,57841.0,9262.0,48440.0,57108.0
2017-11-30,480949.0,381716.0,439204.0,339971.0,423224.0,99233.0,9711.0,7782.0,29817.0,61008.0,27385.0,40159.0,21447.0,6817.0,57819.0,9490.0,50970.0,57725.0
2017-12-31,483586.0,384511.0,440955.0,341880.0,425545.0,99075.0,9834.0,7685.0,29848.0,61701.0,27236.0,39860.0,21213.0,6789.0,58118.0,9586.0,51829.0,58041.0
2018-01-31,481414.0,382986.0,438649.0,340221.0,423202.0,98428.0,9633.0,7725.0,28805.0,61133.0,27252.0,38873.0,21245.0,6497.0,58362.0,9727.0,51630.0,58212.0
2018-02-28,484031.0,385861.0,440941.0,342771.0,425507.0,98170.0,9657.0,7826.0,29754.0,61438.0,27097.0,36799.0,21771.0,6794.0,58548.0,9679.0,51683.0,58524.0
2018-03-31,484110.0,385772.0,441286.0,342948.0,425087.0,98338.0,9673.0,7752.0,29427.0,61612.0,27273.0,42096.0,21144.0,6845.0,58257.0,9512.0,52430.0,59023.0
2018-04-30,484154.0,385764.0,441192.0,342802.0,425899.0,98390.0,9799.0,7825.0,29637.0,61725.0,27542.0,42704.0,21458.0,6773.0,57257.0,9561.0,52970.0,58255.0
2018-05-31,491960.0,392669.0,448005.0,348714.0,432340.0,99291.0,9718.0,7791.0,30464.0,61824.0,28029.0,47603.0,22172.0,6760.0,59161.0,9748.0,53427.0,59620.0
2018-06-30,490228.0,391387.0,446507.0,347666.0,430008.0,98841.0,9760.0,7828.0,30962.0,61637.0,27714.0,46913.0,21628.0,6559.0,58154.0,9689.0,53515.0,60220.0
2018-07-31,493142.0,393827.0,449233.0,349918.0,432070.0,99315.0,9811.0,7737.0,31095.0,61984.0,27854.0,47246.0,21947.0,6266.0,58409.0,9360.0,54383.0,61072.0
2018-08-31,493445.0,394789.0,448811.0,350155.0,432031.0,98656.0,9676.0,7792.0,30714.0,61825.0,28105.0,48026.0,21516.0,6204.0,58682.0,9531.0,54696.0,61414.0
2018-09-30,491507.0,393463.0,447371.0,349327.0,431438.0,98044.0,9676.0,7649.0,30883.0,62220.0,27963.0,44577.0,21405.0,6113.0,58557.0,9553.0,55239.0,60069.0
2018-10-31,496416.0,397830.0,450589.0,352003.0,435894.0,98586.0,9707.0,7684.0,31386.0,62440.0,28240.0,47202.0,21841.0,6111.0,58847.0,9774.0,55451.0,60522.0
2018-11-30,498854.0,399145.0,455405.0,355696.0,438612.0,99709.0,9727.0,7649.0,30743.0,62620.0,28760.0,42102.0,21895.0,6161.0,60150.0,9758.0,57991.0,60242.0
2018-12-31,489113.0,388493.0,448157.0,347537.0,428932.0,100620.0,9839.0,7548.0,30713.0,62625.0,27554.0,38253.0,21565.0,6055.0,60450.0,9591.0,51416.0,60181.0
2019-01-31,490440.0,392701.0,450597.0,352858.0,430246.0,97739.0,9580.0,7604.0,31817.0,63542.0,28419.0,36496.0,21463.0,6166.0,58583.0,9387.0,56103.0,60194.0
2019-02-28,491751.0,392781.0,450333.0,351363.0,431194.0,98970.0,9595.0,7509.0,30290.0,62322.0,28763.0,35537.0,21504.0,6230.0,58544.0,9518.0,56531.0,60557.0
2019-03-31,499292.0,397587.0,456119.0,354414.0,438196.0,101705.0,9708.0,7548.0,30625.0,63417.0,28653.0,42094.0,21833.0,6265.0,59302.0,9623.0,56344.0,61096.0
2019-04-30,499343.0,399785.0,454913.0,355355.0,437735.0,99558.0,9765.0,7353.0,30643.0,63689.0,28584.0,44297.0,21771.0,6385.0,59110.0,9799.0,56648.0,61608.0
2019-05-31,504741.0,403398.0,460907.0,359564.0,442514.0,101343.0,9839.0,7517.0,30423.0,63678.0,28791.0,47385.0,21580.0,6408.0,59100.0,9962.0,60039.0,62227.0
2019-06-30,505251.0,403851.0,463083.0,361683.0,442116.0,101400.0,9891.0,7477.0,30417.0,64087.0,28636.0,44867.0,21582.0,6452.0,59281.0,9947.0,60778.0,63135.0
2019-07-31,509091.0,407200.0,466343.0,364452.0,445304.0,101891.0,9917.0,7487.0,30915.0,64700.0,28497.0,46424.0,21862.0,6344.0,60016.0,9842.0,61085.0,63787.0
2019-08-31,512561.0,408296.0,469804.0,365539.0,448519.0,104265.0,9897.0,7455.0,31270.0,64829.0,28493.0,45964.0,21882.0,6405.0,59690.0,10023.0,61553.0,64042.0
2019-09-30,509282.0,407535.0,466802.0,365055.0,444555.0,101747.0,10045.0,7455.0,30945.0,64250.0,28425.0,42777.0,21645.0,6377.0,59258.0,9951.0,61977.0,64727.0
2019-10-31,510648.0,408777.0,467740.0,365869.0,445627.0,101871.0,9918.0,7392.0,30876.0,64094.0,28704.0,44367.0,21693.0,6427.0,59602.0,10094.0,62048.0,65021.0
2019-11-30,514215.0,409726.0,471433.0,366944.0,449040.0,104489.0,9981.0,7420.0,30895.0,64286.0,28465.0,41456.0,21674.0,6203.0,60371.0,10280.0,62194.0,65175.0
2019-12-31,515866.0,413614.0,471826.0,369574.0,449643.0,102252.0,9978.0,7442.0,31358.0,64688.0,28126.0,41001.0,22475.0,6404.0,61028.0,10100.0,61752.0,66223.0
2020-01-31,515119.0,414267.0,471928.0,371076.0,447774.0,100852.0,10193.0,7309.0,31869.0,64016.0,28935.0,39563.0,22198.0,6419.0,60010.0,10333.0,62449.0,67345.0
2020-02-29,515330.0,413878.0,473957.0,372505.0,447972.0,101452.0,10025.0,7215.0,31846.0,64173.0,29230.0,36863.0,22039.0,6385.0,60606.0,10329.0,63299.0,67358.0
2020-03-31,468324.0,393751.0,433387.0,358814.0,420954.0,74573.0,7819.0,5915.0,31761.0,81129.0,30701.0,34168.0,11074.0,5271.0,62265.0,8655.0,66854.0,47370.0
2020-04-30,401028.0,336693.0,374124.0,309789.0,370296.0,64335.0,3885.0,3297.0,31576.0,70473.0,26149.0,26743.0,2733.0,3536.0,55848.0,6290.0,75270.0,30732.0
2020-05-31,478449.0,381626.0,448474.0,351651.0,437957.0,96823.0,7023.0,4065.0,35988.0,71627.0,26601.0,32013.0,8051.0,6165.0,60729.0,7804.0,83106.0,40492.0
2020-06-30,518038.0,412904.0,484252.0,379118.0,465800.0,105134.0,9717.0,5731.0,36303.0,70404.0,28472.0,36252.0,16725.0,7783.0,61339.0,9535.0,80871.0,52238.0
2020-07-31,526304.0,421417.0,490882.0,385995.0,471873.0,104887.0,10012.0,6529.0,35761.0,70602.0,30081.0,38787.0,17379.0,7532.0,61224.0,10023.0,82421.0,54431.0
2020-08-31,530735.0,425171.0,494456.0,388892.0,473696.0,105564.0,10493.0,6644.0,36148.0,69584.0,29524.0,38601.0,17692.0,7007.0,59991.0,10196.0,84574.0,57039.0
2020-09-30,541302.0,431983.0,504582.0,395263.0,482702.0,109319.0,10576.0,6451.0,36584.0,69533.0,30012.0,37050.0,20047.0,7469.0,61576.0,10277.0,84138.0,58600.0
2020-10-31,539114.0,430433.0,502650.0,393969.0,480763.0,108681.0,10457.0,6870.0,36025.0,69109.0,29987.0,37923.0,19565.0,7372.0,61057.0,10351.0,84825.0,58351.0
2020-11-30,533941.0,426447.0,498481.0,390987.0,478079.0,107494.0,10188.0,6598.0,36236.0,69946.0,29583.0,34113.0,18596.0,7255.0,60752.0,10440.0,85531.0,55862.0
2020-12-31,538548.0,429003.0,499786.0,390241.0,485949.0,109545.0,10373.0,6315.0,36208.0,69704.0,29717.0,36281.0,19382.0,7320.0,60844.0,11013.0,86766.0,52599.0
2021-01-31,559230.0,446473.0,518452.0,405695.0,501604.0,112757.0,11555.0,7143.0,38530.0,70898.0,29812.0,36782.0,20099.0,8078.0,64518.0,10879.0,86557.0,57626.0
2021-02-28,544891.0,436001.0,503323.0,394433.0,488805.0,108890.0,10900.0,6869.0,36716.0,71138.0,29636.0,35832.0,19154.0,7288.0,61624.0,10680.0,84342.0,56086.0
2021-03-31,603581.0,475805.0,557286.0,429510.0,539607.0,127776.0,11734.0,8059.0,41910.0,71566.0,32090.0,45601.0,23506.0,8825.0,66423.0,11903.0,89520.0,63974.0
2021-04-30,608961.0,477995.0,564107.0,433141.0,542199.0,130966.0,11779.0,8092.0,41953.0,72105.0,31957.0,44675.0,23453.0,8677.0,66804.0,11858.0,89701.0,66762.0
2021-05-31,605282.0,477118.0,559843.0,431679.0,536589.0,128164.0,11580.0,7940.0,40226.0,72713.0,31321.0,48347.0,24044.0,8382.0,66266.0,11344.0,89170.0,68693.0
2021-06-30,611950.0,486882.0,565317.0,440249.0,540152.0,125068.0,11488.0,8288.0,39712.0,73707.0,32334.0,50131.0,24979.0,8319.0,66169.0,11999.0,91456.0,71798.0
2021-07-31,601817.0,481516.0,554484.0,434183.0,528600.0,120301.0,11510.0,8099.0,38865.0,73162.0,32225.0,52161.0,24315.0,8103.0,66235.0,12147.0,86305.0,73217.0
2021-08-31,605533.0,488486.0,557035.0,439988.0,532477.0,117047.0,11464.0,7822.0,38760.0,74945.0,32429.0,51844.0,23905.0,8120.0,66649.0,12162.0,90676.0,73056.0
2021-09-30,609671.0,491553.0,559046.0,440928.0,536651.0,118118.0,11501.0,7725.0,38996.0,75106.0,32183.0,50929.0,24228.0,8072.0,66849.0,12370.0,90878.0,73020.0
2021-10-31,618573.0,498558.0,566814.0,446799.0,545361.0,120015.0,11763.0,8195.0,39698.0,75494.0,32099.0,53519.0,24412.0,8085.0,67725.0,12509.0,93607.0,73212.0
2021-11-30,624874.0,502877.0,572063.0,450066.0,551082.0,121997.0,11607.0,7309.0,40804.0,75718.0,32490.0,51015.0,25012.0,8318.0,67806.0,12725.0,94485.0,73792.0
2021-12-31,619938.0,501176.0,565780.0,447018.0,547277.0,118762.0,11167.0,7236.0,41064.0,76176.0,32390.0,50475.0,23938.0,8085.0,67968.0,12655.0,93678.0,72661.0
2022-01-31,631509.0,504428.0,578107.0,451026.0,560257.0,127081.0,11538.0,7293.0,42350.0,76736.0,32664.0,47741.0,23163.0,7891.0,68025.0,12460.0,97654.0,71252.0
2022-02-28,638101.0,510871.0,582422.0,455192.0,563777.0,127230.0,11645.0,7467.0,41952.0,76833.0,32416.0,48107.0,23910.0,8192.0,69107.0,12601.0,96745.0,74324.0
2022-03-31,651027.0,525362.0,588074.0,462409.0,574485.0,125665.0,11888.0,8118.0,42837.0,77639.0,32553.0,62449.0,25056.0,8265.0,69665.0,12875.0,96971.0,76542.0
2022-04-30,660194.0,532203.0,596797.0,468806.0,580943.0,127991.0,12199.0,8316.0,42862.0,77749.0,32838.0,63017.0,25103.0,8215.0,70933.0,12941.0,98399.0,79251.0
2022-05-31,659847.0,536643.0,593403.0,470199.0,579844.0,123204.0,11953.0,7881.0,42483.0,78595.0,32656.0,70829.0,24530.0,8181.0,71625.0,12894.0,99398.0,80003.0
2022-06-30,666113.0,541528.0,598139.0,473554.0,585556.0,124585.0,11772.0,7760.0,42396.0,79558.0,33212.0,73072.0,24674.0,8213.0,72976.0,13215.0,99221.0,80557.0
2022-07-31,659550.0,537880.0,593777.0,472107.0,579267.0,121670.0,11631.0,7803.0,42405.0,79013.0,33431.0,71758.0,24136.0,8257.0,71928.0,12984.0,100236.0,80283.0
2022-08-31,663566.0,538373.0,602624.0,477431.0,581196.0,125193.0,11776.0,7764.0,42823.0,79571.0,33318.0,65756.0,24499.0,8315.0,72571.0,13141.0,101283.0,82370.0
2022-09-30,661854.0,537491.0,602697.0,478334.0,579446.0,124363.0,11665.0,7722.0,42510.0,80001.0,33529.0,59689.0,24693.0,8301.0,73133.0,12846.0,101526.0,82408.0
2022-10-31,668671.0,541862.0,608309.0,481500.0,585006.0,126809.0,11961.0,7639.0,42724.0,80825.0,33673.0,62475.0,24713.0,8342.0,73137.0,12790.0,102031.0,83665.0
2022-11-30,659458.0,536108.0,600033.0,476683.0,576356.0,123350.0,11473.0,7044.0,41459.0,81086.0,33896.0,57107.0,24512.0,8221.0,73436.0,12552.0,99902.0,83102.0
2022-12-31,651763.0,532212.0,595547.0,475996.0,569119.0,119551.0,11115.0,6890.0,41847.0,80756.0,33098.0,52337.0,24019.0,8351.0,72843.0,12469.0,101964.0,82644.0
2023-01-31,680253.0,547880.0,624172.0,491799.0,591964.0,132373.0,12652.0,7876.0,42941.0,80632.0,34603.0,49968.0,24950.0,8283.0,73792.0,13030.0,104751.0,88289.0
2023-02-28,672152.0,543895.0,617342.0,489085.0,586165.0,128257.0,11864.0,7641.0,42268.0,81271.0,35070.0,47411.0,24660.0,8209.0,73923.0,12777.0,105415.0,85987.0
2023-03-31,665071.0,538675.0,610463.0,484067.0,578812.0,126396.0,11588.0,7651.0,40431.0,80761.0,35207.0,54335.0,24410.0,8175.0,71547.0,12662.0,105376.0,86259.0
2023-04-30,670494.0,542521.0,616528.0,488555.0,583874.0,127973.0,11416.0,7533.0,40815.0,80500.0,35493.0,53372.0,24368.0,8303.0,72852.0,12874.0,107781.0,86620.0
2023-05-31,673902.0,543792.0,621260.0,491150.0,586286.0,130110.0,11293.0,7521.0,41622.0,80658.0,35745.0,56485.0,24290.0,8218.0,72927.0,12848.0,108412.0,87616.0
2023-06-30,677117.0,544674.0,625193.0,492750.0,588670.0,132443.0,11361.0,7610.0,40807.0,80470.0,35734.0,55974.0,24402.0,8200.0,73449.0,13233.0,109037.0,88447.0
2023-07-31,678424.0,547943.0,626362.0,495881.0,589257.0,130481.0,11194.0,7436.0,40702.0,80666.0,35455.0,56591.0,24718.0,8429.0,73694.0,12952.0,111468.0,89167.0
2023-08-31,684755.0,553381.0,629005.0,497631.0,595191.0,131374.0,11178.0,7571.0,40914.0,81199.0,36097.0,60544.0,25104.0,8182.0,74113.0,12359.0,111350.0,89564.0
2023-09-30,689403.0,556575.0,631862.0,499034.0,598956.0,132828.0,10971.0,7661.0,40631.0,81235.0,36011.0,57829.0,24811.0,8136.0,73862.0,13002.0,112267.0,90447.0
2023-10-31,686148.0,555690.0,630517.0,500059.0,595517.0,130458.0,10881.0,7629.0,40338.0,81323.0,37298.0,57801.0,24683.0,8124.0,73829.0,13196.0,112127.0,90631.0
2023-11-30,685328.0,555244.0,631667.0,501583.0,593567.0,130084.0,11052.0,7365.0,40323.0,81530.0,37150.0,51461.0,24838.0,8173.0,73961.0,13333.0,112097.0,91761.0
2023-12-31,686277.0,556052.0,633319.0,503094.0,594256.0,130225.0,10659.0,7136.0,40720.0,81272.0,36210.0,48721.0,25141.0,7979.0,74434.0,13220.0,114302.0,92021.0
2024-01-31,680456.0,551100.0,628538.0,499182.0,588944.0,129356.0,10864.0,7714.0,39535.0,81086.0,35827.0,46415.0,24838.0,8043.0,73990.0,13150.0,112623.0,91512.0
2024-02-29,685280.0,553809.0,632525.0,501054.0,593206.0,131471.0,10787.0,7769.0,40215.0,81149.0,35765.0,47374.0,25122.0,8151.0,74640.0,13337.0,112045.0,92074.0
2024-03-31,687641.0,557426.0,633881.0,503666.0,595969.0,130215.0,10610.0,7455.0,40219.0,81569.0,35624.0,53061.0,24241.0,7896.0,74653.0,13533.0,116194.0,91672.0
2024-04-30,687602.0,558388.0,633032.0,503818.0,595676.0,129214.0,10743.0,7667.0,39930.0,82119.0,35778.0,54952.0,24923.0,7857.0,74834.0,13582.0,114459.0,91926.0
2024-05-31,692774.0,560134.0,639367.0,506727.0,600372.0,132640.0,10860.0,7752.0,40171.0,82078.0,36028.0,57626.0,25212.0,7876.0,75101.0,13343.0,115904.0,92402.0
2024-06-30,692922.0,564439.0,640315.0,511832.0,600272.0,128483.0,10970.0,7628.0,40550.0,82252.0,36058.0,55343.0,25357.0,7862.0,74870.0,13680.0,119955.0,92650.0
2024-07-31,699098.0,566441.0,646358.0,513701.0,606077.0,132657.0,11112.0,7714.0,40843.0,82953.0,37687.0,57487.0,25407.0,7828.0,75767.0,13473.0,117896.0,93021.0
2024-08-31,697522.0,565430.0,645491.0,513399.0,604173.0,132092.0,11070.0,7527.0,40791.0,82536.0,37715.0,56870.0,25188.0,7880.0,75158.0,13534.0,118651.0,93349.0
2024-09-30,703079.0,570693.0,651716.0,519330.0,608701.0,132386.0,11240.0,7284.0,41193.0,83321.0,38556.0,51260.0,25392.0,7956.0,75784.0,13902.0,120324.0,94378.0
2024-10-31,707613.0,572592.0,656287.0,521266.0,612570.0,135021.0,11138.0,7471.0,41467.0,83526.0,38232.0,53841.0,25594.0,7924.0,75994.0,13881.0,120996.0,95043.0
2024-11-30,712145.0,572545.0,660757.0,521157.0,616833.0,139600.0,11326.0,7504.0,41312.0,83322.0,38085.0,49024.0,25553.0,7907.0,75977.0,13360.0,121499.0,95312.0
2024-12-31,717662.0,576688.0,665264.0,524290.0,622396.0,140974.0,11618.0,7524.0,40684.0,84099.0,37899.0,48259.0,25836.0,8129.0,76450.0,14025.0,122760.0,95266.0
2025-01-31,711461.0,575138.0,658480.0,522157.0,615973.0,136323.0,11457.0,7476.0,39948.0,84180.0,37464.0,47577.0,25714.0,7881.0,76950.0,14115.0,121484.0,95488.0
2025-02-28,711757.0,577383.0,659147.0,524773.0,616714.0,134374.0,11528.0,7534.0,39861.0,84362.0,38570.0,45350.0,25676.0,7835.0,76750.0,14400.0,123214.0,95043.0
2025-03-31,722572.0,581041.0,671437.0,529906.0,625121.0,141531.0,11537.0,7642.0,40640.0,84357.0,38988.0,50521.0,25966.0,8136.0,76761.0,14581.0,123847.0,97451.0
2025-04-30,721789.0,581284.0,670851.0,530346.0,623521.0,140505.0,11542.0,7646.0,40859.0,84358.0,38881.0,51549.0,26020.0,7896.0,76775.0,14082.0,124019.0,98268.0
2025-05-31,715541.0,580393.0,665241.0,530093.0,617367.0,135148.0,11475.0,7620.0,39772.0,83905.0,38844.0,54374.0,26097.0,7975.0,76840.0,14591.0,124800.0,98174.0
2025-06-30,720106.0,583326.0,669815.0,533035.0,621370.0,136780.0,11467.0,7615.0,40120.0,84322.0,39035.0,52906.0,26342.0,7990.0,77250.0,14847.0,125311.0,98736.0
